company,quarter,chunk_num,positive,negative,neutral
AAPL,2016Q1,1,0.015652282163500786,0.9448478817939758,0.03949984535574913
AAPL,2016Q1,2,0.6742730140686035,0.013474185019731522,0.31225284934043884
AAPL,2016Q1,3,0.26834166049957275,0.5416098833084106,0.1900484561920166
AAPL,2016Q1,4,0.038744572550058365,0.02722022868692875,0.9340352416038513
AAPL,2016Q1,5,0.6098290085792542,0.014187314547598362,0.37598365545272827
AAPL,2016Q1,6,0.18111684918403625,0.02173435688018799,0.7971487641334534
AAPL,2016Q1,7,0.09369031339883804,0.010772508569061756,0.8955371975898743
AAPL,2016Q1,8,0.08956781774759293,0.027124296873807907,0.8833078742027283
AAPL,2016Q2,1,0.9251629710197449,0.049928318709135056,0.024908747524023056
AAPL,2016Q2,2,0.8463889360427856,0.0152125908061862,0.1383984535932541
AAPL,2016Q2,3,0.8588098287582397,0.013063526712357998,0.1281265914440155
AAPL,2016Q2,4,0.5795372128486633,0.011772853322327137,0.4086899161338806
AAPL,2016Q2,5,0.8747162818908691,0.009190411306917667,0.11609331518411636
AAPL,2016Q2,6,0.5911867618560791,0.3759955167770386,0.03281775489449501
AAPL,2016Q2,7,0.6665967106819153,0.015312864445149899,0.31809040904045105
AAPL,2016Q2,8,0.9154044389724731,0.010422292165458202,0.07417325675487518
AAPL,2016Q2,9,0.04357043653726578,0.8427043557167053,0.11372517794370651
AAPL,2016Q2,10,0.8107978701591492,0.126017764210701,0.06318436563014984
AAPL,2016Q2,11,0.8535988926887512,0.00934948492795229,0.1370515674352646
AAPL,2016Q2,12,0.3199525773525238,0.019017396494746208,0.661030113697052
AAPL,2016Q2,13,0.8316560983657837,0.009836765006184578,0.15850712358951569
AAPL,2016Q2,14,0.16104605793952942,0.15540280938148499,0.6835511326789856
AAPL,2016Q2,15,0.01664740778505802,0.9473817944526672,0.035970792174339294
AAPL,2016Q2,16,0.0243687741458416,0.9123213887214661,0.06330980360507965
AAPL,2016Q2,17,0.12148887664079666,0.04272763803601265,0.8357834219932556
AAPL,2016Q2,18,0.13547007739543915,0.015354225412011147,0.849175751209259
AAPL,2016Q3,1,0.5744107961654663,0.011698893271386623,0.4138903021812439
AAPL,2016Q3,2,0.6073485016822815,0.02122410014271736,0.37142735719680786
AAPL,2016Q3,3,0.8630074858665466,0.032789502292871475,0.10420301556587219
AAPL,2016Q3,4,0.22551341354846954,0.011784878559410572,0.762701690196991
AAPL,2016Q3,5,0.14842939376831055,0.014306722208857536,0.8372638821601868
AAPL,2016Q3,6,0.4093500077724457,0.038781777024269104,0.5518682599067688
AAPL,2016Q3,7,0.5528666377067566,0.015874948352575302,0.4312584102153778
AAPL,2016Q3,8,0.05558911710977554,0.4993954002857208,0.445015549659729
AAPL,2016Q4,1,0.6023726463317871,0.0534692145884037,0.3441581428050995
AAPL,2016Q4,2,0.018996603786945343,0.9442865252494812,0.036716874688863754
AAPL,2016Q4,3,0.015060271136462688,0.9383071064949036,0.04663265496492386
AAPL,2016Q4,4,0.05984223261475563,0.05912511795759201,0.8810326457023621
AAPL,2016Q4,5,0.021513473242521286,0.7969000339508057,0.18158648908138275
AAPL,2016Q4,6,0.5722292065620422,0.011890938505530357,0.4158798158168793
AAPL,2016Q4,7,0.35246410965919495,0.014501010067760944,0.6330348253250122
AAPL,2016Q4,8,0.08914250135421753,0.02938087284564972,0.8814767003059387
AAPL,2016Q4,9,0.8502757549285889,0.012103516608476639,0.1376207321882248
AAPL,2017Q1,1,0.7472648024559021,0.1594623178243637,0.0932728722691536
AAPL,2017Q1,2,0.16503719985485077,0.0100633529946208,0.824899435043335
AAPL,2017Q1,3,0.9446669220924377,0.01659085601568222,0.0387423075735569
AAPL,2017Q1,4,0.7693716287612915,0.00907851941883564,0.2215498685836792
AAPL,2017Q1,5,0.7788153886795044,0.1000797376036644,0.12110487371683121
AAPL,2017Q1,6,0.20908328890800476,0.02517998218536377,0.7657367587089539
AAPL,2017Q1,7,0.2295781821012497,0.021400965750217438,0.7490208148956299
AAPL,2017Q1,8,0.268074631690979,0.05957292765378952,0.6723524332046509
AAPL,2017Q2,1,0.2542365491390228,0.029544459655880928,0.7162190079689026
AAPL,2017Q2,2,0.09042002260684967,0.02038441225886345,0.8891955614089966
AAPL,2017Q2,3,0.7048065066337585,0.014055744744837284,0.28113773465156555
AAPL,2017Q2,4,0.6284102201461792,0.02252432145178318,0.3490654230117798
AAPL,2017Q2,5,0.1534508466720581,0.01851782202720642,0.8280313014984131
AAPL,2017Q2,6,0.04409302398562431,0.17475153505802155,0.7811554670333862
AAPL,2017Q2,7,0.4660426676273346,0.014568137004971504,0.5193892121315002
AAPL,2017Q2,8,0.36403536796569824,0.0174451544880867,0.6185195446014404
AAPL,2017Q3,1,0.7175511717796326,0.05919035151600838,0.22325852513313293
AAPL,2017Q3,2,0.10568034648895264,0.026713736355304718,0.867605984210968
AAPL,2017Q3,3,0.12369613349437714,0.01010201871395111,0.8662018775939941
AAPL,2017Q3,4,0.06857025623321533,0.0649547353386879,0.866474986076355
AAPL,2017Q3,5,0.03574054688215256,0.03249769285321236,0.9317617416381836
AAPL,2017Q3,6,0.18650949001312256,0.01014685444533825,0.8033437132835388
AAPL,2017Q3,7,0.05772332102060318,0.024811912328004837,0.9174647927284241
AAPL,2017Q3,8,0.12433232367038727,0.012497978284955025,0.8631697297096252
AAPL,2017Q4,1,0.5229728817939758,0.013676523230969906,0.4633505642414093
AAPL,2017Q4,2,0.08598220348358154,0.01751774363219738,0.8964999914169312
AAPL,2017Q4,3,0.6832064986228943,0.043610844761133194,0.27318263053894043
AAPL,2017Q4,4,0.05531835928559303,0.02027452364563942,0.9244071245193481
AAPL,2017Q4,5,0.18941086530685425,0.015694260597229004,0.7948948740959167
AAPL,2017Q4,6,0.12214069813489914,0.01321957167237997,0.8646396994590759
AAPL,2017Q4,7,0.6680409908294678,0.06399668753147125,0.26796236634254456
AAPL,2017Q4,8,0.42902234196662903,0.026858873665332794,0.5441188216209412
AAPL,2018Q1,1,0.32002896070480347,0.014331366866827011,0.6656396389007568
AAPL,2018Q1,2,0.25284838676452637,0.011749240569770336,0.7354023456573486
AAPL,2018Q1,3,0.3748140335083008,0.01739787496626377,0.6077880859375
AAPL,2018Q1,4,0.10168799757957458,0.07491916418075562,0.8233928680419922
AAPL,2018Q1,5,0.07945984601974487,0.02098475769162178,0.8995554447174072
AAPL,2018Q1,6,0.027105577290058136,0.6376916766166687,0.33520281314849854
AAPL,2018Q1,7,0.0860280841588974,0.011134926229715347,0.9028369784355164
AAPL,2018Q1,8,0.39395397901535034,0.017480678856372833,0.5885652899742126
AAPL,2018Q2,1,0.8983315229415894,0.008236794732511044,0.0934317409992218
AAPL,2018Q2,2,0.9311589598655701,0.012192942202091217,0.05664810165762901
AAPL,2018Q2,3,0.5670232772827148,0.0128812026232481,0.4200955629348755
AAPL,2018Q2,4,0.14133040606975555,0.04595025256276131,0.8127193450927734
AAPL,2018Q2,5,0.48928382992744446,0.01220250315964222,0.4985136091709137
AAPL,2018Q2,6,0.6051246523857117,0.2311580926179886,0.16371721029281616
AAPL,2018Q2,7,0.0786450132727623,0.5263030529022217,0.3950519561767578
AAPL,2018Q2,8,0.07819866389036179,0.7927777171134949,0.12902364134788513
AAPL,2018Q3,1,0.7694551944732666,0.01377288717776537,0.2167719006538391
AAPL,2018Q3,2,0.47660818696022034,0.013357960619032383,0.5100338459014893
AAPL,2018Q3,3,0.3251030743122101,0.015757620334625244,0.6591393351554871
AAPL,2018Q3,4,0.03378298506140709,0.2385885864496231,0.7276284098625183
AAPL,2018Q3,5,0.4492502808570862,0.014891579747200012,0.5358580946922302
AAPL,2018Q3,6,0.7489370107650757,0.010019178502261639,0.24104376137256622
AAPL,2018Q3,7,0.131368950009346,0.02151469513773918,0.8471163511276245
AAPL,2018Q3,8,0.06497090309858322,0.01998480223119259,0.9150442481040955
AAPL,2018Q4,1,0.814954936504364,0.01694219745695591,0.1681029051542282
AAPL,2018Q4,2,0.24951642751693726,0.011289183050394058,0.739194393157959
AAPL,2018Q4,3,0.9102193713188171,0.009403854608535767,0.08037684112787247
AAPL,2018Q4,4,0.78884357213974,0.008296615444123745,0.20285983383655548
AAPL,2018Q4,5,0.5350807309150696,0.011507085524499416,0.45341217517852783
AAPL,2018Q4,6,0.9219970703125,0.01831020787358284,0.059692710638046265
AAPL,2018Q4,7,0.944476306438446,0.016984300687909126,0.038539424538612366
AAPL,2018Q4,8,0.7692822217941284,0.010409186594188213,0.2203085720539093
AAPL,2018Q4,9,0.023680182173848152,0.03181684762239456,0.9445030093193054
AAPL,2018Q4,10,0.04007831588387489,0.03197477385401726,0.9279468655586243
AAPL,2018Q4,11,0.03916997089982033,0.048424068838357925,0.9124060273170471
AAPL,2018Q4,12,0.16485849022865295,0.009746256284415722,0.8253952860832214
AAPL,2018Q4,13,0.2014981061220169,0.03892264887690544,0.7595792412757874
AAPL,2018Q4,14,0.039555612951517105,0.08119755983352661,0.8792468309402466
AAPL,2018Q4,15,0.22698965668678284,0.015468827448785305,0.7575415372848511
AAPL,2018Q4,16,0.15070757269859314,0.8133198022842407,0.03597266227006912
AAPL,2018Q4,17,0.13279283046722412,0.01217365637421608,0.8550335168838501
AAPL,2019Q1,1,0.8589994311332703,0.007895773276686668,0.13310478627681732
AAPL,2019Q1,2,0.1041785329580307,0.01304672658443451,0.8827747702598572
AAPL,2019Q1,3,0.2631329298019409,0.4080221951007843,0.32884490489959717
AAPL,2019Q1,4,0.180104061961174,0.02621910162270069,0.7936768531799316
AAPL,2019Q1,5,0.15701201558113098,0.22968824207782745,0.6132997870445251
AAPL,2019Q1,6,0.9099363088607788,0.011843609623610973,0.07822010666131973
AAPL,2019Q1,7,0.12166284024715424,0.012399571016430855,0.8659376502037048
AAPL,2019Q1,8,0.7192649841308594,0.02416003867983818,0.25657495856285095
AAPL,2019Q2,1,0.29891690611839294,0.3474883735179901,0.35359475016593933
AAPL,2019Q2,2,0.6972948908805847,0.0089314179494977,0.29377371072769165
AAPL,2019Q2,3,0.06990586221218109,0.023166967555880547,0.9069271087646484
AAPL,2019Q2,4,0.0858958438038826,0.017878971993923187,0.8962252140045166
AAPL,2019Q2,5,0.8467394709587097,0.009410956874489784,0.14384956657886505
AAPL,2019Q2,6,0.12428467720746994,0.012943150475621223,0.8627721667289734
AAPL,2019Q3,1,0.910791277885437,0.010039286687970161,0.07916947454214096
AAPL,2019Q3,2,0.5156946182250977,0.027862822636961937,0.45644259452819824
AAPL,2019Q3,3,0.9265432953834534,0.01785878837108612,0.055597979575395584
AAPL,2019Q3,4,0.040410351008176804,0.025909967720508575,0.9336796998977661
AAPL,2019Q3,5,0.05454445630311966,0.034446701407432556,0.911008894443512
AAPL,2019Q3,6,0.05649515613913536,0.022497227415442467,0.9210075736045837
AAPL,2019Q3,7,0.25535815954208374,0.014221606776118279,0.7304202318191528
AAPL,2019Q4,1,0.2157897651195526,0.0224271472543478,0.7617830634117126
AAPL,2019Q4,2,0.29974594712257385,0.008948689326643944,0.6913053393363953
AAPL,2019Q4,3,0.13478732109069824,0.028053121641278267,0.8371595144271851
AAPL,2019Q4,4,0.16472981870174408,0.010903367772698402,0.8243668079376221
AAPL,2019Q4,5,0.06995588541030884,0.014345514588057995,0.9156986474990845
AAPL,2019Q4,6,0.5812827944755554,0.013041060417890549,0.40567612648010254
AAPL,2019Q4,7,0.7338195443153381,0.012619856745004654,0.2535606324672699
AAPL,2020Q1,1,0.648622989654541,0.01893223449587822,0.3324447572231293
AAPL,2020Q1,2,0.7254161834716797,0.015497254207730293,0.259086549282074
AAPL,2020Q1,3,0.02465231344103813,0.9498695731163025,0.02547808177769184
AAPL,2020Q1,4,0.7574284672737122,0.01109950989484787,0.23147211968898773
AAPL,2020Q1,5,0.05252045392990112,0.23460669815540314,0.7128728628158569
AAPL,2020Q1,6,0.6652424931526184,0.12851029634475708,0.2062472254037857
AAPL,2020Q1,7,0.8515037298202515,0.025687819346785545,0.12280843406915665
AAPL,2020Q1,8,0.9418002367019653,0.012606597505509853,0.04559319466352463
AAPL,2020Q2,1,0.012739351019263268,0.963841438293457,0.023419206961989403
AAPL,2020Q2,2,0.24452228844165802,0.011396056041121483,0.7440816760063171
AAPL,2020Q2,3,0.07954128831624985,0.017384059727191925,0.9030746221542358
AAPL,2020Q2,4,0.07514465600252151,0.01773562841117382,0.9071197509765625
AAPL,2020Q2,5,0.35208240151405334,0.04059363529086113,0.607323944568634
AAPL,2020Q2,6,0.4003550708293915,0.015566381625831127,0.5840784907341003
AAPL,2020Q2,7,0.19812721014022827,0.012799665331840515,0.78907310962677
AAPL,2020Q3,1,0.25641754269599915,0.012175151146948338,0.7314072847366333
AAPL,2020Q3,2,0.047794874757528305,0.24472931027412415,0.7074758410453796
AAPL,2020Q3,3,0.10892147570848465,0.014417922124266624,0.8766605854034424
AAPL,2020Q3,4,0.07649877667427063,0.040723253041505814,0.8827779293060303
AAPL,2020Q3,5,0.02722887694835663,0.9051782488822937,0.06759287416934967
AAPL,2020Q3,6,0.22192445397377014,0.01909598708152771,0.7589795589447021
AAPL,2020Q3,7,0.08397817611694336,0.14946290850639343,0.7665589451789856
AMD,2016Q1,1,0.012304091826081276,0.9718224406242371,0.01587345451116562
AMD,2016Q1,2,0.012390730902552605,0.9697223901748657,0.017886923626065254
AMD,2016Q1,3,0.8568271994590759,0.006883725989609957,0.13628911972045898
AMD,2016Q1,4,0.010617931373417377,0.9740448594093323,0.015337150543928146
AMD,2016Q1,5,0.019489502534270287,0.9667543768882751,0.01375610288232565
AMD,2016Q1,6,0.9102669358253479,0.009289934299886227,0.08044303953647614
AMD,2016Q1,7,0.8766355514526367,0.013591327704489231,0.10977309942245483
AMD,2016Q1,8,0.3659665882587433,0.021768564358353615,0.61226487159729
AMD,2016Q1,9,0.9056618809700012,0.00839376263320446,0.08594444394111633
AMD,2016Q1,10,0.31871259212493896,0.02493157796561718,0.6563557982444763
AMD,2016Q1,11,0.8518723249435425,0.01205210480839014,0.13607561588287354
AMD,2016Q1,12,0.5271570682525635,0.2203090339899063,0.2525339126586914
AMD,2016Q1,13,0.1877613067626953,0.5505927801132202,0.2616458833217621
AMD,2016Q1,14,0.7781856656074524,0.014353981241583824,0.20746031403541565
AMD,2016Q1,15,0.35769814252853394,0.013134504668414593,0.629167377948761
AMD,2016Q2,1,0.013646364212036133,0.9700329303741455,0.016320733353495598
AMD,2016Q2,2,0.8329196572303772,0.006931871175765991,0.1601485013961792
AMD,2016Q2,3,0.9537485837936401,0.012393145821988583,0.0338582843542099
AMD,2016Q2,4,0.007715721148997545,0.9764568209648132,0.015827389433979988
AMD,2016Q2,5,0.9573540687561035,0.018845390528440475,0.02380058728158474
AMD,2016Q2,6,0.1431625783443451,0.012792540714144707,0.8440448641777039
AMD,2016Q2,7,0.5756372809410095,0.009159784764051437,0.41520291566848755
AMD,2016Q2,8,0.817327082157135,0.009820728562772274,0.17285214364528656
AMD,2016Q2,9,0.06463462859392166,0.02095174789428711,0.9144136905670166
AMD,2016Q2,10,0.8844970464706421,0.008575701154768467,0.10692724585533142
AMD,2016Q2,11,0.13093002140522003,0.01115370262414217,0.8579162359237671
AMD,2016Q2,12,0.6762800216674805,0.011075452901422977,0.3126445412635803
AMD,2016Q2,13,0.22291651368141174,0.01027278508991003,0.7668107151985168
AMD,2016Q3,1,0.9574921727180481,0.014691664837300777,0.027816206216812134
AMD,2016Q3,2,0.9071207046508789,0.011105221696197987,0.08177397400140762
AMD,2016Q3,3,0.9527534246444702,0.022879570722579956,0.02436709590256214
AMD,2016Q3,4,0.9583565592765808,0.017943652346730232,0.023699799552559853
AMD,2016Q3,5,0.8704400062561035,0.0368710532784462,0.0926889032125473
AMD,2016Q3,6,0.6226782202720642,0.010589279234409332,0.36673250794410706
AMD,2016Q3,7,0.18548601865768433,0.011316214688122272,0.8031978011131287
AMD,2016Q3,8,0.6623364686965942,0.013337140902876854,0.32432645559310913
AMD,2016Q3,9,0.1620236188173294,0.01091482862830162,0.8270615935325623
AMD,2016Q3,10,0.9173881411552429,0.01075497455894947,0.07185681164264679
AMD,2016Q3,11,0.482637882232666,0.012202948331832886,0.5051591396331787
AMD,2016Q3,12,0.644352912902832,0.012829973362386227,0.34281712770462036
AMD,2016Q3,13,0.37481510639190674,0.00943074095994234,0.6157541275024414
AMD,2016Q4,1,0.9566130638122559,0.016721058636903763,0.026665853336453438
AMD,2016Q4,2,0.8272296786308289,0.017835795879364014,0.15493448078632355
AMD,2016Q4,3,0.9228335022926331,0.009486902505159378,0.06767968833446503
AMD,2016Q4,4,0.1594977229833603,0.32539045810699463,0.5151118040084839
AMD,2016Q4,5,0.32614853978157043,0.016017859801650047,0.6578335762023926
AMD,2016Q4,6,0.9543551206588745,0.014883710071444511,0.0307611171156168
AMD,2016Q4,7,0.3701068162918091,0.01126252394169569,0.6186306476593018
AMD,2016Q4,8,0.07537077367305756,0.20115946233272552,0.7234697341918945
AMD,2016Q4,9,0.5472604632377625,0.014475029893219471,0.4382644593715668
AMD,2016Q4,10,0.8526027202606201,0.009940571151673794,0.13745665550231934
AMD,2016Q4,11,0.7613022327423096,0.011632442474365234,0.2270653247833252
AMD,2017Q1,1,0.05431120842695236,0.014393099583685398,0.9312956929206848
AMD,2017Q1,2,0.35752516984939575,0.5904912352561951,0.05198361724615097
AMD,2017Q1,3,0.9195870161056519,0.01012894231826067,0.07028402388095856
AMD,2017Q1,4,0.5224688053131104,0.008206113241612911,0.4693250358104706
AMD,2017Q1,5,0.01292848214507103,0.9732633233070374,0.013808212243020535
AMD,2017Q1,6,0.007139319088310003,0.9726054072380066,0.020255187526345253
AMD,2017Q1,7,0.8676340579986572,0.00863563921302557,0.12373029440641403
AMD,2017Q1,8,0.8886737823486328,0.008436274714767933,0.10288987308740616
AMD,2017Q1,9,0.48539093136787415,0.009716850705444813,0.5048921704292297
AMD,2017Q1,10,0.23905035853385925,0.012127198278903961,0.7488224506378174
AMD,2017Q1,11,0.7222887873649597,0.012929950840771198,0.26478129625320435
AMD,2017Q1,12,0.8621358871459961,0.01048172079026699,0.12738245725631714
AMD,2017Q1,13,0.15171432495117188,0.013034947216510773,0.835250735282898
AMD,2017Q2,1,0.961219310760498,0.014598323032259941,0.024182351306080818
AMD,2017Q2,2,0.7542715668678284,0.00906766951084137,0.23666073381900787
AMD,2017Q2,3,0.6210328340530396,0.009042340330779552,0.36992478370666504
AMD,2017Q2,4,0.02564418874680996,0.9654861688613892,0.008869718760251999
AMD,2017Q2,5,0.9289565682411194,0.011022734455764294,0.060020629316568375
AMD,2017Q2,6,0.8417229056358337,0.017579110339283943,0.14069800078868866
AMD,2017Q2,7,0.2312171459197998,0.008963487111032009,0.7598193883895874
AMD,2017Q2,8,0.35859742760658264,0.014964660629630089,0.6264378428459167
AMD,2017Q2,9,0.6568613648414612,0.01971181109547615,0.3234268128871918
AMD,2017Q2,10,0.6990931630134583,0.00982035230845213,0.29108649492263794
AMD,2017Q2,11,0.027933461591601372,0.9357430338859558,0.03632340952754021
AMD,2017Q2,12,0.763370156288147,0.012024125084280968,0.2246057689189911
AMD,2017Q2,13,0.39760035276412964,0.011867288500070572,0.5905323028564453
AMD,2017Q3,1,0.958572506904602,0.01786746270954609,0.023559991270303726
AMD,2017Q3,2,0.8968311548233032,0.007659196853637695,0.0955096185207367
AMD,2017Q3,3,0.8610658049583435,0.007441026624292135,0.13149327039718628
AMD,2017Q3,4,0.008839915506541729,0.9671087265014648,0.024051392450928688
AMD,2017Q3,5,0.06812571734189987,0.7395808696746826,0.1922934204339981
AMD,2017Q3,6,0.663722813129425,0.030072912573814392,0.30620425939559937
AMD,2017Q3,7,0.11477389931678772,0.017659226432442665,0.8675668239593506
AMD,2017Q3,8,0.9523083567619324,0.02230280078947544,0.02538885734975338
AMD,2017Q3,9,0.7569025158882141,0.009782839566469193,0.23331475257873535
AMD,2017Q3,10,0.6568911671638489,0.010033421218395233,0.3330754041671753
AMD,2017Q3,11,0.3627881109714508,0.010920547880232334,0.6262913942337036
AMD,2017Q3,12,0.15899606049060822,0.5589615702629089,0.28204241394996643
AMD,2017Q3,13,0.7750359773635864,0.00875916238874197,0.21620480716228485
AMD,2017Q3,14,0.13952010869979858,0.07467154413461685,0.7858083844184875
AMD,2017Q4,1,0.9573554396629333,0.017256513237953186,0.02538805454969406
AMD,2017Q4,2,0.8319463133811951,0.00917928759008646,0.15887431800365448
AMD,2017Q4,3,0.9537028074264526,0.015440631657838821,0.030856585130095482
AMD,2017Q4,4,0.22510765492916107,0.5254614353179932,0.24943089485168457
AMD,2017Q4,5,0.045102208852767944,0.7831164002418518,0.17178139090538025
AMD,2017Q4,6,0.2390514612197876,0.08950776606798172,0.6714407801628113
AMD,2017Q4,7,0.8652390837669373,0.008839230984449387,0.12592162191867828
AMD,2017Q4,8,0.9383326768875122,0.011217527091503143,0.05044975504279137
AMD,2017Q4,9,0.8211241364479065,0.01127919927239418,0.1675967276096344
AMD,2017Q4,10,0.7970823645591736,0.008830144070088863,0.194087415933609
AMD,2017Q4,11,0.7557858824729919,0.008818332105875015,0.23539581894874573
AMD,2017Q4,12,0.6235442161560059,0.010797390714287758,0.36565840244293213
AMD,2017Q4,13,0.38340896368026733,0.008440396748483181,0.6081506609916687
AMD,2017Q4,14,0.2899656295776367,0.014665079303085804,0.6953692436218262
AMD,2018Q1,1,0.875478208065033,0.008767346851527691,0.11575455218553543
AMD,2018Q1,2,0.9500023126602173,0.010995643213391304,0.0390019454061985
AMD,2018Q1,3,0.3577938973903656,0.0176936574280262,0.6245124936103821
AMD,2018Q1,4,0.9285152554512024,0.012432113289833069,0.05905264616012573
AMD,2018Q1,5,0.9612349271774292,0.01920262724161148,0.019562413915991783
AMD,2018Q1,6,0.9178360104560852,0.013712910003960133,0.06845103949308395
AMD,2018Q1,7,0.95338374376297,0.01393461786210537,0.032681554555892944
AMD,2018Q1,8,0.552383303642273,0.01644039712846279,0.4311762750148773
AMD,2018Q1,9,0.3113959729671478,0.36151254177093506,0.3270914554595947
AMD,2018Q1,10,0.18245694041252136,0.010341412387788296,0.807201623916626
AMD,2018Q1,11,0.31685757637023926,0.01872628554701805,0.6644160747528076
AMD,2018Q1,12,0.3379027545452118,0.01361009944230318,0.6484871506690979
AMD,2018Q1,13,0.4888816475868225,0.010397488251328468,0.5007207989692688
AMD,2018Q1,14,0.02413123846054077,0.9158948659896851,0.05997384339570999
AMD,2018Q1,15,0.063254714012146,0.07534131407737732,0.8614040017127991
AMD,2018Q2,1,0.9584795236587524,0.01775558479130268,0.023764893412590027
AMD,2018Q2,2,0.9478292465209961,0.010969088412821293,0.04120167717337608
AMD,2018Q2,3,0.8126016855239868,0.008604936301708221,0.17879338562488556
AMD,2018Q2,4,0.1289416253566742,0.853823184967041,0.01723523810505867
AMD,2018Q2,5,0.9536013603210449,0.015852611511945724,0.030545959249138832
AMD,2018Q2,6,0.6453273892402649,0.013188841752707958,0.3414837718009949
AMD,2018Q2,7,0.4876783490180969,0.015678327530622482,0.4966432750225067
AMD,2018Q2,8,0.10387914627790451,0.0118944700807333,0.884226381778717
AMD,2018Q2,9,0.45618999004364014,0.01189857441931963,0.5319114327430725
AMD,2018Q2,10,0.29800936579704285,0.599799394607544,0.10219132155179977
AMD,2018Q2,11,0.2660183608531952,0.10388407856225967,0.630097508430481
AMD,2018Q2,12,0.858599841594696,0.012853597290813923,0.1285465657711029
AMD,2018Q2,13,0.4022284150123596,0.009912954643368721,0.5878586173057556
AMD,2018Q2,14,0.20043757557868958,0.015517305582761765,0.7840451002120972
AMD,2018Q3,1,0.9554584622383118,0.01795034110546112,0.026591207832098007
AMD,2018Q3,2,0.8946778774261475,0.0074056293815374374,0.09791649132966995
AMD,2018Q3,3,0.9319295287132263,0.008793019689619541,0.05927744880318642
AMD,2018Q3,4,0.9359712600708008,0.01088263001292944,0.05314605310559273
AMD,2018Q3,5,0.008992609567940235,0.9737229943275452,0.017284424975514412
AMD,2018Q3,6,0.9535829424858093,0.01613437756896019,0.030282657593488693
AMD,2018Q3,7,0.9053530097007751,0.011332808993756771,0.08331421762704849
AMD,2018Q3,8,0.8863750100135803,0.008753539994359016,0.10487144440412521
AMD,2018Q3,9,0.7319163680076599,0.03359036147594452,0.234493225812912
AMD,2018Q3,10,0.7208078503608704,0.021231865510344505,0.2579602897167206
AMD,2018Q3,11,0.2656683921813965,0.018417982384562492,0.7159136533737183
AMD,2018Q3,12,0.1175038293004036,0.014063444919884205,0.8684326410293579
AMD,2018Q3,13,0.7942567467689514,0.009754298254847527,0.19598893821239471
AMD,2018Q3,14,0.08298489451408386,0.02443704381585121,0.892578125
AMD,2018Q3,15,0.1787749081850052,0.009304674342274666,0.8119204044342041
AMD,2018Q4,1,0.9596537351608276,0.019734444096684456,0.020611891523003578
AMD,2018Q4,2,0.015848573297262192,0.9663581252098083,0.017793279141187668
AMD,2018Q4,3,0.6497131586074829,0.009904840029776096,0.3403819799423218
AMD,2018Q4,4,0.5926949977874756,0.014156512916088104,0.3931485116481781
AMD,2018Q4,5,0.03671525791287422,0.9275012612342834,0.03578346595168114
AMD,2018Q4,6,0.46241259574890137,0.013209285214543343,0.5243781208992004
AMD,2018Q4,7,0.33552294969558716,0.010281655937433243,0.6541953682899475
AMD,2018Q4,8,0.06196795031428337,0.2811080515384674,0.6569240093231201
AMD,2018Q4,9,0.9336445927619934,0.013342266902327538,0.053013116121292114
AMD,2018Q4,10,0.7909996509552002,0.008645053021609783,0.20035535097122192
AMD,2019Q1,1,0.959418773651123,0.021001994609832764,0.01957925409078598
AMD,2019Q1,2,0.9257514476776123,0.015503204427659512,0.058745305985212326
AMD,2019Q1,3,0.7861822843551636,0.008331522345542908,0.20548617839813232
AMD,2019Q1,4,0.8959773778915405,0.00957182701677084,0.09445081651210785
AMD,2019Q1,5,0.9522197246551514,0.016883494332432747,0.030896803364157677
AMD,2019Q1,6,0.027371948584914207,0.9580039381980896,0.01462417934089899
AMD,2019Q1,7,0.9412041306495667,0.016060389578342438,0.042735472321510315
AMD,2019Q1,8,0.8845260739326477,0.007720062043517828,0.10775391757488251
AMD,2019Q1,9,0.8307116627693176,0.009432691149413586,0.15985560417175293
AMD,2019Q1,10,0.859274685382843,0.007998466491699219,0.13272692263126373
AMD,2019Q1,11,0.03682930767536163,0.8671076893806458,0.09606294333934784
AMD,2019Q1,12,0.41869667172431946,0.011547009460628033,0.569756269454956
AMD,2019Q1,13,0.9589102268218994,0.014854652807116508,0.026235217228531837
AMD,2019Q1,14,0.2374112904071808,0.10174836963415146,0.6608403325080872
AMD,2019Q1,15,0.07748472690582275,0.017152830958366394,0.9053624868392944
AMD,2019Q2,1,0.017367972061038017,0.9704799056053162,0.012152152135968208
AMD,2019Q2,2,0.8591226935386658,0.016076507046818733,0.12480071187019348
AMD,2019Q2,3,0.8707166910171509,0.008793125860393047,0.12049020826816559
AMD,2019Q2,4,0.009250807575881481,0.9750458598136902,0.0157033521682024
AMD,2019Q2,5,0.8349577188491821,0.007745716255158186,0.1572965532541275
AMD,2019Q2,6,0.7718809247016907,0.019521772861480713,0.2085973173379898
AMD,2019Q2,7,0.6909583210945129,0.08469060063362122,0.22435101866722107
AMD,2019Q2,8,0.088816337287426,0.6944991946220398,0.21668441593647003
AMD,2019Q2,9,0.4918835759162903,0.023966841399669647,0.48414963483810425
AMD,2019Q2,10,0.11862366646528244,0.012531821615993977,0.8688445091247559
AMD,2019Q2,11,0.8847573399543762,0.007171428296715021,0.1080712229013443
AMD,2019Q2,12,0.7715698480606079,0.00804044771939516,0.22038966417312622
AMD,2019Q3,1,0.8862205147743225,0.007983612827956676,0.10579586774110794
AMD,2019Q3,2,0.9335528612136841,0.010105893015861511,0.05634131282567978
AMD,2019Q3,3,0.5149480104446411,0.008426518179476261,0.4766254723072052
AMD,2019Q3,4,0.007149931043386459,0.9755728840827942,0.017277080565690994
AMD,2019Q3,5,0.5033873915672302,0.0639868751168251,0.4326257109642029
AMD,2019Q3,6,0.7435964345932007,0.018052149564027786,0.23835140466690063
AMD,2019Q3,7,0.9491965174674988,0.014734512194991112,0.03606894612312317
AMD,2019Q3,8,0.790733277797699,0.016223562881350517,0.19304312765598297
AMD,2019Q3,9,0.01013442873954773,0.9325288534164429,0.057336676865816116
AMD,2019Q3,10,0.8905311226844788,0.013399132527410984,0.09606978297233582
AMD,2019Q3,11,0.10910393297672272,0.27742651104927063,0.6134695410728455
AMD,2019Q3,12,0.06364993751049042,0.019666429609060287,0.9166836738586426
AMD,2019Q4,1,0.9589950442314148,0.018880994990468025,0.022123925387859344
AMD,2019Q4,2,0.9215064644813538,0.008389266207814217,0.07010417431592941
AMD,2019Q4,3,0.9446329474449158,0.012383698485791683,0.0429832898080349
AMD,2019Q4,4,0.09499112516641617,0.8910034894943237,0.014005451463162899
AMD,2019Q4,5,0.11740744858980179,0.015996551141142845,0.8665960431098938
AMD,2019Q4,6,0.7979041337966919,0.008488952182233334,0.1936069279909134
AMD,2019Q4,7,0.8905940651893616,0.052423007786273956,0.05698298662900925
AMD,2019Q4,8,0.26214370131492615,0.02825588919222355,0.7096003890037537
AMD,2019Q4,9,0.5034173130989075,0.011699351482093334,0.4848833680152893
AMD,2019Q4,10,0.917153537273407,0.008409538306295872,0.07443685084581375
AMD,2019Q4,11,0.21565434336662292,0.03292755037546158,0.7514181137084961
AMD,2019Q4,12,0.4943506121635437,0.0141624566167593,0.49148687720298767
AMD,2019Q4,13,0.03995109349489212,0.028680959716439247,0.9313679933547974
AMD,2019Q4,14,0.7023979425430298,0.02180216647684574,0.275799959897995
AMD,2020Q1,1,0.9498932361602783,0.014376715756952763,0.03573007136583328
AMD,2020Q1,2,0.9447100758552551,0.011669271625578403,0.04362067952752113
AMD,2020Q1,3,0.9334915280342102,0.010941466316580772,0.055567026138305664
AMD,2020Q1,4,0.9600600004196167,0.018750958144664764,0.021188976243138313
AMD,2020Q1,5,0.957567572593689,0.01989021524786949,0.022542154416441917
AMD,2020Q1,6,0.8419201970100403,0.006940898485481739,0.15113891661167145
AMD,2020Q1,7,0.013368429616093636,0.9517660737037659,0.03486543893814087
AMD,2020Q1,8,0.45195910334587097,0.04864208772778511,0.4993988275527954
AMD,2020Q1,9,0.443134605884552,0.020478425547480583,0.5363869667053223
AMD,2020Q1,10,0.11313431710004807,0.02186618000268936,0.864999532699585
AMD,2020Q1,11,0.7424575090408325,0.01423273142427206,0.24330973625183105
AMD,2020Q1,12,0.438930869102478,0.012827969156205654,0.5482411980628967
AMD,2020Q1,13,0.20401471853256226,0.015307817608118057,0.7806774377822876
AMD,2020Q1,14,0.43712761998176575,0.02452719397842884,0.5383451581001282
AMD,2020Q2,1,0.19888250529766083,0.01924865134060383,0.7818688154220581
AMD,2020Q2,2,0.9469352960586548,0.011624309234321117,0.04144038259983063
AMD,2020Q2,3,0.9559313058853149,0.01699122041463852,0.027077512815594673
AMD,2020Q2,4,0.903053343296051,0.00901360809803009,0.0879330039024353
AMD,2020Q2,5,0.7233384847640991,0.21935021877288818,0.05731130763888359
AMD,2020Q2,6,0.9032434225082397,0.011258330196142197,0.08549822121858597
AMD,2020Q2,7,0.5717297792434692,0.021496661007404327,0.4067735970020294
AMD,2020Q2,8,0.7293806672096252,0.025217639282345772,0.24540171027183533
AMD,2020Q2,9,0.8251705765724182,0.0673171877861023,0.10751232504844666
AMD,2020Q2,10,0.5951924324035645,0.02953902818262577,0.37526848912239075
AMD,2020Q2,11,0.07449713349342346,0.09995028376579285,0.8255525827407837
AMD,2020Q2,12,0.02724980004131794,0.9360408186912537,0.03670935705304146
AMD,2020Q2,13,0.039185382425785065,0.6243637800216675,0.33645084500312805
AMD,2020Q2,14,0.7460768222808838,0.011498508043587208,0.24242468178272247
AMD,2020Q3,1,0.9489439725875854,0.012461408972740173,0.03859464079141617
AMD,2020Q3,2,0.1574549376964569,0.8021209239959717,0.04042410850524902
AMD,2020Q3,3,0.8453118205070496,0.008687794208526611,0.1460004448890686
AMD,2020Q3,4,0.9576802849769592,0.021365005522966385,0.020954718813300133
AMD,2020Q3,5,0.9228837490081787,0.012068608775734901,0.06504765152931213
AMD,2020Q3,6,0.6865842342376709,0.011622031219303608,0.3017937242984772
AMD,2020Q3,7,0.20683778822422028,0.03869156911969185,0.7544706463813782
AMD,2020Q3,8,0.8063843250274658,0.009176669642329216,0.18443891406059265
AMD,2020Q3,9,0.7183127999305725,0.010600239038467407,0.2710869312286377
AMD,2020Q3,10,0.729036808013916,0.16011688113212585,0.11084633320569992
AMD,2020Q3,11,0.4924945831298828,0.009721377864480019,0.49778398871421814
AMD,2020Q3,12,0.26349103450775146,0.01268576830625534,0.7238231897354126
AMD,2020Q3,13,0.16162557899951935,0.18987278640270233,0.6485015749931335
AMD,2020Q3,14,0.9503802061080933,0.014314623549580574,0.03530522435903549
AMZN,2016Q1,1,0.9566615223884583,0.02255869098007679,0.020779810845851898
AMZN,2016Q1,2,0.946632444858551,0.022523561492562294,0.03084399551153183
AMZN,2016Q1,3,0.1560697704553604,0.795915961265564,0.048014186322689056
AMZN,2016Q1,4,0.9284933805465698,0.012247536331415176,0.059259071946144104
AMZN,2016Q1,5,0.06830641627311707,0.8046831488609314,0.12701044976711273
AMZN,2016Q1,6,0.9051989316940308,0.010160094127058983,0.08464094251394272
AMZN,2016Q1,7,0.5348582863807678,0.01008627563714981,0.45505550503730774
AMZN,2016Q1,8,0.7205395698547363,0.017015600576996803,0.2624448537826538
AMZN,2016Q1,9,0.1849496066570282,0.017877448350191116,0.7971729636192322
AMZN,2016Q2,1,0.9567658305168152,0.023147447034716606,0.020086700096726418
AMZN,2016Q2,2,0.35041072964668274,0.5824676156044006,0.06712165474891663
AMZN,2016Q2,3,0.01761348731815815,0.8393221497535706,0.14306436479091644
AMZN,2016Q2,4,0.11141419410705566,0.019728781655430794,0.8688570261001587
AMZN,2016Q2,5,0.04490363225340843,0.06302804499864578,0.8920683264732361
AMZN,2016Q2,6,0.2089541256427765,0.019349996000528336,0.7716959118843079
AMZN,2016Q2,7,0.7793265581130981,0.1629064828157425,0.05776693671941757
AMZN,2016Q2,8,0.9416675567626953,0.014555590227246284,0.043776825070381165
AMZN,2016Q2,9,0.8281521201133728,0.00866023637354374,0.16318760812282562
AMZN,2016Q3,1,0.95623379945755,0.021994255483150482,0.021771851927042007
AMZN,2016Q3,2,0.03192613273859024,0.2988949418067932,0.6691789627075195
AMZN,2016Q3,3,0.906618595123291,0.05125252157449722,0.04212886095046997
AMZN,2016Q3,4,0.6434270143508911,0.009719696827232838,0.3468532860279083
AMZN,2016Q3,5,0.8658036589622498,0.011700471863150597,0.1224958747625351
AMZN,2016Q3,6,0.15928108990192413,0.041093725711107254,0.7996252179145813
AMZN,2016Q3,7,0.6116836071014404,0.021138783544301987,0.3671776354312897
AMZN,2016Q3,8,0.7365241050720215,0.012479589320719242,0.25099626183509827
AMZN,2016Q3,9,0.1997847557067871,0.009855304844677448,0.7903599739074707
AMZN,2016Q3,10,0.8253037929534912,0.009746304713189602,0.1649499088525772
AMZN,2016Q4,1,0.8662312626838684,0.007785081397742033,0.1259835958480835
AMZN,2016Q4,2,0.16451279819011688,0.07427414506673813,0.7612130641937256
AMZN,2016Q4,3,0.4439152777194977,0.015812315046787262,0.5402723550796509
AMZN,2016Q4,4,0.1322566419839859,0.013887627050280571,0.8538557291030884
AMZN,2016Q4,5,0.5731423497200012,0.009560701437294483,0.41729697585105896
AMZN,2016Q4,6,0.19519014656543732,0.06792230159044266,0.7368875741958618
AMZN,2016Q4,7,0.9079142212867737,0.026468832045793533,0.06561695039272308
AMZN,2017Q1,1,0.048046331852674484,0.8408703207969666,0.11108341813087463
AMZN,2017Q1,2,0.8323490023612976,0.009469290263950825,0.15818163752555847
AMZN,2017Q1,3,0.5963236093521118,0.01617114618420601,0.38750526309013367
AMZN,2017Q1,4,0.7545051574707031,0.00843778345733881,0.23705701529979706
AMZN,2017Q1,5,0.22394271194934845,0.01221474539488554,0.7638425230979919
AMZN,2017Q1,6,0.15926991403102875,0.017289139330387115,0.8234409689903259
AMZN,2017Q1,7,0.24772721529006958,0.00902378000319004,0.7432489395141602
AMZN,2017Q1,8,0.8952952027320862,0.0077151344157755375,0.09698966890573502
AMZN,2017Q2,1,0.5302975177764893,0.012934969738125801,0.4567675292491913
AMZN,2017Q2,2,0.28647497296333313,0.009590409696102142,0.7039346098899841
AMZN,2017Q2,3,0.35453787446022034,0.010393069125711918,0.6350690722465515
AMZN,2017Q2,4,0.2378762662410736,0.009561357088387012,0.7525623440742493
AMZN,2017Q2,5,0.9082579612731934,0.024128315970301628,0.06761372834444046
AMZN,2017Q2,6,0.8494120240211487,0.009919293224811554,0.14066863059997559
AMZN,2017Q2,7,0.269483357667923,0.011686929501593113,0.7188297510147095
AMZN,2017Q2,8,0.290485680103302,0.2379591315984726,0.4715552031993866
AMZN,2017Q3,1,0.0894581750035286,0.6414772868156433,0.2690645456314087
AMZN,2017Q3,2,0.12868329882621765,0.011761816218495369,0.8595549464225769
AMZN,2017Q3,3,0.134170800447464,0.01224187295883894,0.8535873293876648
AMZN,2017Q3,4,0.9444859623908997,0.01731962524354458,0.03819439560174942
AMZN,2017Q3,5,0.6491342186927795,0.011419516056776047,0.33944621682167053
AMZN,2017Q3,6,0.7336845993995667,0.08230804651975632,0.18400736153125763
AMZN,2017Q3,7,0.10056159645318985,0.014758514240384102,0.8846798539161682
AMZN,2017Q4,1,0.5094261765480042,0.01759921759366989,0.47297459840774536
AMZN,2017Q4,2,0.20567478239536285,0.013586726039648056,0.7807384729385376
AMZN,2017Q4,3,0.878744900226593,0.013262756168842316,0.10799234360456467
AMZN,2017Q4,4,0.1612265408039093,0.010686743073165417,0.8280867338180542
AMZN,2017Q4,5,0.25897639989852905,0.014186914078891277,0.7268367409706116
AMZN,2017Q4,6,0.5973186492919922,0.013234703801572323,0.3894467055797577
AMZN,2017Q4,7,0.7963135242462158,0.009264817461371422,0.1944216787815094
AMZN,2018Q1,1,0.7281341552734375,0.022884897887706757,0.24898087978363037
AMZN,2018Q1,2,0.9333108067512512,0.012313112616539001,0.05437614768743515
AMZN,2018Q1,3,0.4688710868358612,0.3160387873649597,0.21509017050266266
AMZN,2018Q1,4,0.25471147894859314,0.010371885262429714,0.734916627407074
AMZN,2018Q1,5,0.865893542766571,0.00811122078448534,0.1259951889514923
AMZN,2018Q1,6,0.1754116415977478,0.027743706479668617,0.7968446016311646
AMZN,2018Q1,7,0.16077618300914764,0.010879075154662132,0.8283448219299316
AMZN,2018Q2,1,0.590448796749115,0.010704976506531239,0.39884626865386963
AMZN,2018Q2,2,0.5349611639976501,0.010408217087388039,0.45463061332702637
AMZN,2018Q2,3,0.9533370137214661,0.015110611915588379,0.03155242279171944
AMZN,2018Q2,4,0.6423833966255188,0.29689255356788635,0.06072402372956276
AMZN,2018Q2,5,0.15555579960346222,0.0104627450928092,0.833981454372406
AMZN,2018Q2,6,0.23109538853168488,0.009286732412874699,0.7596179246902466
AMZN,2018Q2,7,0.7783240675926208,0.009881303645670414,0.21179458498954773
AMZN,2018Q3,1,0.9373775720596313,0.043579500168561935,0.019042877480387688
AMZN,2018Q3,2,0.6577987670898438,0.01207794900983572,0.33012327551841736
AMZN,2018Q3,3,0.7574801445007324,0.010469147935509682,0.23205071687698364
AMZN,2018Q3,4,0.44249287247657776,0.026380890980362892,0.5311262607574463
AMZN,2018Q3,5,0.30342698097229004,0.00918697938323021,0.6873860955238342
AMZN,2018Q3,6,0.05307780206203461,0.015256675891578197,0.9316654801368713
AMZN,2018Q3,7,0.4855097830295563,0.010129012167453766,0.5043612122535706
AMZN,2018Q4,1,0.549986720085144,0.295737624168396,0.15427565574645996
AMZN,2018Q4,2,0.9222675561904907,0.01230810396373272,0.0654243528842926
AMZN,2018Q4,3,0.6001759171485901,0.3650265634059906,0.0347975492477417
AMZN,2018Q4,4,0.062473706901073456,0.13661761581897736,0.800908625125885
AMZN,2018Q4,5,0.18396134674549103,0.011454320512712002,0.8045843839645386
AMZN,2018Q4,6,0.8355504870414734,0.044665418565273285,0.11978406459093094
AMZN,2018Q4,7,0.45376965403556824,0.009868191555142403,0.5363621115684509
AMZN,2019Q1,1,0.10069770365953445,0.026116741821169853,0.8731855750083923
AMZN,2019Q1,2,0.15721963346004486,0.01971559226512909,0.8230648040771484
AMZN,2019Q1,3,0.46351155638694763,0.26062342524528503,0.2758650481700897
AMZN,2019Q1,4,0.14227721095085144,0.026151059195399284,0.8315717577934265
AMZN,2019Q1,5,0.18838343024253845,0.761323094367981,0.050293467938899994
AMZN,2019Q1,6,0.19385726749897003,0.010132371447980404,0.7960103750228882
AMZN,2019Q2,1,0.07240861654281616,0.022199241444468498,0.9053921699523926
AMZN,2019Q2,2,0.7164952754974365,0.016199080273509026,0.2673056721687317
AMZN,2019Q2,3,0.21451659500598907,0.010952870361506939,0.7745305299758911
AMZN,2019Q2,4,0.8756881952285767,0.008778441697359085,0.11553331464529037
AMZN,2019Q2,5,0.16761283576488495,0.012640603817999363,0.8197465538978577
AMZN,2019Q2,6,0.27471351623535156,0.008620270527899265,0.7166662216186523
AMZN,2019Q2,7,0.47962334752082825,0.015359888784587383,0.5050168037414551
AMZN,2019Q2,8,0.18224892020225525,0.01179293543100357,0.8059581518173218
AMZN,2019Q2,9,0.7619432806968689,0.008169852197170258,0.22988681495189667
AMZN,2019Q3,1,0.8944926261901855,0.01618298515677452,0.0893244594335556
AMZN,2019Q3,2,0.14834684133529663,0.018598895519971848,0.83305424451828
AMZN,2019Q3,3,0.44186466932296753,0.16749027371406555,0.3906451165676117
AMZN,2019Q3,4,0.7295845150947571,0.009662769734859467,0.26075276732444763
AMZN,2019Q3,5,0.5528517365455627,0.012601223774254322,0.4345470070838928
AMZN,2019Q3,6,0.13492277264595032,0.016400586813688278,0.8486766815185547
AMZN,2019Q3,7,0.17262905836105347,0.013635555282235146,0.8137354254722595
AMZN,2019Q3,8,0.8958173990249634,0.012076552025973797,0.09210606664419174
AMZN,2019Q3,9,0.9111558198928833,0.03940578177571297,0.04943839833140373
AMZN,2019Q4,1,0.8275287747383118,0.008995632641017437,0.1634756475687027
AMZN,2019Q4,2,0.5770975947380066,0.01692257635295391,0.40597984194755554
AMZN,2019Q4,3,0.7346438765525818,0.009114501066505909,0.25624164938926697
AMZN,2019Q4,4,0.4665168523788452,0.013640237972140312,0.5198428630828857
AMZN,2019Q4,5,0.7998741269111633,0.01184843759983778,0.1882774829864502
AMZN,2019Q4,6,0.304138720035553,0.04002203792333603,0.655839204788208
AMZN,2019Q4,7,0.061528727412223816,0.017134644091129303,0.9213366508483887
AMZN,2020Q1,1,0.2824554443359375,0.012265454046428204,0.7052791118621826
AMZN,2020Q1,2,0.8913684487342834,0.00840496551245451,0.10022657364606857
AMZN,2020Q1,3,0.8750556111335754,0.01600526086986065,0.10893909633159637
AMZN,2020Q1,4,0.8668566942214966,0.01225021481513977,0.12089303880929947
AMZN,2020Q1,5,0.09769884496927261,0.03190226852893829,0.8703988194465637
AMZN,2020Q1,6,0.052764516323804855,0.0696212649345398,0.8776142001152039
AMZN,2020Q1,7,0.0522741861641407,0.8901907205581665,0.05753506347537041
AMZN,2020Q2,1,0.47076284885406494,0.023691941052675247,0.5055451989173889
AMZN,2020Q2,2,0.942835807800293,0.012584294192492962,0.044579897075891495
AMZN,2020Q2,3,0.10037524253129959,0.026152458041906357,0.8734723329544067
AMZN,2020Q2,4,0.46980640292167664,0.027618562802672386,0.5025750398635864
AMZN,2020Q2,5,0.24762572348117828,0.04046587273478508,0.7119084596633911
AMZN,2020Q2,6,0.560377299785614,0.011549731716513634,0.4280729293823242
AMZN,2020Q2,7,0.20616939663887024,0.04484349861741066,0.7489871382713318
AMZN,2020Q2,8,0.023561250418424606,0.9097148776054382,0.06672387570142746
AMZN,2020Q2,9,0.04197946563363075,0.25061047077178955,0.7074100971221924
AMZN,2020Q2,10,0.7973182797431946,0.12975366413593292,0.07292807847261429
AMZN,2020Q3,1,0.9286441802978516,0.01970861479640007,0.05164724960923195
AMZN,2020Q3,2,0.9488171339035034,0.013507560826838017,0.037675321102142334
AMZN,2020Q3,3,0.9229460954666138,0.05122954398393631,0.025824300944805145
AMZN,2020Q3,4,0.8644982576370239,0.03341441601514816,0.10208727419376373
AMZN,2020Q3,5,0.3394513726234436,0.2844291031360626,0.37611955404281616
AMZN,2020Q3,6,0.24209509789943695,0.011740331538021564,0.7461645603179932
AMZN,2020Q3,7,0.11266554147005081,0.032066188752651215,0.8552682399749756
AMZN,2020Q3,8,0.6416621208190918,0.03331146016716957,0.32502639293670654
AMZN,2020Q3,9,0.07654168456792831,0.03068886324763298,0.892769455909729
AMZN,2020Q3,10,0.9375864863395691,0.025695601478219032,0.03671791031956673
ASML,2016Q1,1,0.07686232030391693,0.01483227964490652,0.9083054065704346
ASML,2016Q1,2,0.9384875297546387,0.03932520002126694,0.02218722552061081
ASML,2016Q1,3,0.8771945238113403,0.0749208852648735,0.04788455367088318
ASML,2016Q1,4,0.8559778928756714,0.007676295004785061,0.13634584844112396
ASML,2016Q1,5,0.2630477249622345,0.08890284597873688,0.6480494141578674
ASML,2016Q1,6,0.4204947054386139,0.017773155122995377,0.5617321133613586
ASML,2016Q1,7,0.0741373747587204,0.032788004726171494,0.893074631690979
ASML,2016Q1,8,0.21096207201480865,0.01669618859887123,0.7723417282104492
ASML,2016Q1,9,0.5785388946533203,0.011159403249621391,0.41030171513557434
ASML,2016Q1,10,0.16294550895690918,0.01213867124170065,0.8249157667160034
ASML,2016Q1,11,0.09472565352916718,0.017950309440493584,0.8873240351676941
ASML,2016Q1,12,0.16117019951343536,0.04004252329468727,0.7987872362136841
ASML,2016Q1,13,0.07242681831121445,0.017126496881246567,0.9104466438293457
ASML,2016Q1,14,0.11002077162265778,0.059713780879974365,0.8302654027938843
ASML,2016Q1,15,0.171210378408432,0.01837019808590412,0.8104193806648254
ASML,2016Q2,1,0.05351760610938072,0.015590866096317768,0.9308915138244629
ASML,2016Q2,2,0.9105368852615356,0.022848712280392647,0.06661436706781387
ASML,2016Q2,3,0.38813135027885437,0.011542334221303463,0.6003262996673584
ASML,2016Q2,4,0.11138961464166641,0.01179431565105915,0.8768160343170166
ASML,2016Q2,5,0.14182789623737335,0.014753993600606918,0.8434181213378906
ASML,2016Q2,6,0.20512844622135162,0.02594710700213909,0.7689244747161865
ASML,2016Q2,7,0.03673560917377472,0.048099029809236526,0.915165364742279
ASML,2016Q2,8,0.6934857964515686,0.0185385812073946,0.28797560930252075
ASML,2016Q2,9,0.03840561956167221,0.03973251208662987,0.9218618273735046
ASML,2016Q2,10,0.05415366217494011,0.26062923669815063,0.6852171421051025
ASML,2016Q2,11,0.30733442306518555,0.016023583710193634,0.6766420006752014
ASML,2016Q2,12,0.12295962125062943,0.018763937056064606,0.8582764863967896
ASML,2016Q2,13,0.050693243741989136,0.14541685581207275,0.8038899302482605
ASML,2016Q3,1,0.048182375729084015,0.023215504363179207,0.9286020994186401
ASML,2016Q3,2,0.04805755242705345,0.9114202260971069,0.04052218794822693
ASML,2016Q3,3,0.9122001528739929,0.01550918910652399,0.07229069620370865
ASML,2016Q3,4,0.8236793875694275,0.006860869470983744,0.16945978999137878
ASML,2016Q3,5,0.3532818853855133,0.017445027828216553,0.6292731165885925
ASML,2016Q3,6,0.1141517162322998,0.029124056920409203,0.856724202632904
ASML,2016Q3,7,0.1450832039117813,0.03312601521611214,0.8217907547950745
ASML,2016Q3,8,0.035591188818216324,0.06975985318422318,0.8946489691734314
ASML,2016Q3,9,0.09008606523275375,0.028492309153079987,0.8814216256141663
ASML,2016Q3,10,0.0581185407936573,0.026742395013570786,0.9151391386985779
ASML,2016Q3,11,0.1661320924758911,0.011585080064833164,0.8222828507423401
ASML,2016Q3,12,0.03752926364541054,0.037022385746240616,0.9254483580589294
ASML,2016Q3,13,0.26859667897224426,0.030454805120825768,0.7009484767913818
ASML,2016Q3,14,0.14861872792243958,0.011734050698578358,0.8396472334861755
ASML,2016Q3,15,0.4372994303703308,0.11334551125764847,0.4493550658226013
ASML,2016Q4,1,0.06751017272472382,0.015248572453856468,0.9172412753105164
ASML,2016Q4,2,0.7767669558525085,0.016286874189972878,0.2069462239742279
ASML,2016Q4,3,0.29221880435943604,0.011140700429677963,0.6966405510902405
ASML,2016Q4,4,0.5072490572929382,0.1446332484483719,0.3481176793575287
ASML,2016Q4,5,0.20484153926372528,0.02239130437374115,0.772767186164856
ASML,2016Q4,6,0.10522019118070602,0.018641551956534386,0.8761382102966309
ASML,2016Q4,7,0.11699508130550385,0.049128174781799316,0.8338767290115356
ASML,2016Q4,8,0.6598607897758484,0.2220214307308197,0.1181178018450737
ASML,2016Q4,9,0.1736261546611786,0.0456458181142807,0.7807280421257019
ASML,2016Q4,10,0.0579027459025383,0.023952312767505646,0.9181448817253113
ASML,2016Q4,11,0.20249322056770325,0.011557661928236485,0.7859491109848022
ASML,2016Q4,12,0.07585641741752625,0.016017179936170578,0.9081264138221741
ASML,2016Q4,13,0.06231403350830078,0.02637925185263157,0.9113066792488098
ASML,2016Q4,14,0.1516743153333664,0.02954103983938694,0.8187845945358276
ASML,2016Q4,15,0.05948292836546898,0.020806889981031418,0.9197102189064026
ASML,2017Q1,1,0.0838363915681839,0.01294595655053854,0.9032176733016968
ASML,2017Q1,2,0.12718667089939117,0.8353776335716248,0.037435658276081085
ASML,2017Q1,3,0.052669424563646317,0.6435513496398926,0.303779274225235
ASML,2017Q1,4,0.5976190567016602,0.008767511695623398,0.39361345767974854
ASML,2017Q1,5,0.9046099185943604,0.007744255475699902,0.08764577656984329
ASML,2017Q1,6,0.021737290546298027,0.9209763407707214,0.057286299765110016
ASML,2017Q1,7,0.18309973180294037,0.015052244067192078,0.8018479943275452
ASML,2017Q1,8,0.06772549450397491,0.2276020646095276,0.7046723961830139
ASML,2017Q1,9,0.07003241032361984,0.8147391676902771,0.11522843688726425
ASML,2017Q1,10,0.09236528724431992,0.017263948917388916,0.890370786190033
ASML,2017Q1,11,0.2848682999610901,0.01814834587275982,0.6969833374023438
ASML,2017Q1,12,0.13128671050071716,0.010057873092591763,0.8586553931236267
ASML,2017Q1,13,0.07902379333972931,0.05080658197402954,0.8701695799827576
ASML,2017Q1,14,0.43033188581466675,0.011190972290933132,0.5584771037101746
ASML,2017Q1,15,0.1397887021303177,0.015910984948277473,0.8443002700805664
ASML,2017Q2,1,0.04889833554625511,0.01731884479522705,0.9337828159332275
ASML,2017Q2,2,0.9613597393035889,0.01585262082517147,0.022787652909755707
ASML,2017Q2,3,0.05016649141907692,0.8319761157035828,0.1178574338555336
ASML,2017Q2,4,0.9400250911712646,0.009432489052414894,0.05054238438606262
ASML,2017Q2,5,0.3985593318939209,0.0070526814088225365,0.5943880081176758
ASML,2017Q2,6,0.1512412279844284,0.012097213417291641,0.8366615772247314
ASML,2017Q2,7,0.5292185544967651,0.22737933695316315,0.24340209364891052
ASML,2017Q2,8,0.6501058340072632,0.015350481495261192,0.33454370498657227
ASML,2017Q2,9,0.36189040541648865,0.46525484323501587,0.1728547215461731
ASML,2017Q2,10,0.10698889940977097,0.011767469346523285,0.8812435865402222
ASML,2017Q2,11,0.03746679425239563,0.031725335866212845,0.930807888507843
ASML,2017Q2,12,0.04908466339111328,0.02397252433001995,0.9269428253173828
ASML,2017Q2,13,0.6334376931190491,0.05094395577907562,0.3156183362007141
ASML,2017Q2,14,0.47095987200737,0.08267498761415482,0.4463651478290558
ASML,2017Q2,15,0.10177503526210785,0.029961945489048958,0.8682630658149719
ASML,2017Q3,1,0.06389099359512329,0.015372321009635925,0.9207366704940796
ASML,2017Q3,2,0.9609676003456116,0.01771928369998932,0.0213131345808506
ASML,2017Q3,3,0.852171003818512,0.009783422574400902,0.1380455493927002
ASML,2017Q3,4,0.9261936545372009,0.009786137379705906,0.06402023881673813
ASML,2017Q3,5,0.9280490279197693,0.009365558624267578,0.06258543580770493
ASML,2017Q3,6,0.9501231908798218,0.01171596348285675,0.03816085681319237
ASML,2017Q3,7,0.19478921592235565,0.4647679030895233,0.3404428958892822
ASML,2017Q3,8,0.1837282031774521,0.012672174721956253,0.8035996556282043
ASML,2017Q3,9,0.05667944252490997,0.07415949553251266,0.869161069393158
ASML,2017Q3,10,0.2953944504261017,0.013332810252904892,0.6912727355957031
ASML,2017Q3,11,0.07980667054653168,0.025449102744460106,0.8947442173957825
ASML,2017Q3,12,0.0741071030497551,0.21021848917007446,0.7156744003295898
ASML,2017Q3,13,0.0558929443359375,0.023873548954725266,0.9202335476875305
ASML,2017Q3,14,0.1942276805639267,0.04807411879301071,0.7576982378959656
ASML,2017Q3,15,0.12183157354593277,0.018931731581687927,0.8592367172241211
ASML,2017Q3,16,0.07583742588758469,0.16548344492912292,0.758679211139679
ASML,2017Q3,17,0.1725912243127823,0.0129633117467165,0.814445436000824
ASML,2017Q4,1,0.06591828912496567,0.014847532846033573,0.9192341566085815
ASML,2017Q4,2,0.4635966420173645,0.07379914075136185,0.4626041650772095
ASML,2017Q4,3,0.9350085854530334,0.00994812324643135,0.05504338815808296
ASML,2017Q4,4,0.1478593945503235,0.06427302211523056,0.787867546081543
ASML,2017Q4,5,0.08680790662765503,0.022296015173196793,0.8908960819244385
ASML,2017Q4,6,0.25902336835861206,0.023106519132852554,0.7178701162338257
ASML,2017Q4,7,0.02996739372611046,0.6770875453948975,0.2929450273513794
ASML,2017Q4,8,0.9158998131752014,0.012649635784327984,0.0714505985379219
ASML,2017Q4,9,0.19150876998901367,0.010802209377288818,0.7976890206336975
ASML,2017Q4,10,0.18546397984027863,0.23178842663764954,0.5827475786209106
ASML,2017Q4,11,0.6161524653434753,0.010768016800284386,0.3730795681476593
ASML,2017Q4,12,0.07143280655145645,0.030008897185325623,0.8985583186149597
ASML,2017Q4,13,0.14841125905513763,0.7229650616645813,0.12862364947795868
ASML,2017Q4,14,0.854041576385498,0.0542939230799675,0.09166455268859863
ASML,2017Q4,15,0.09180765599012375,0.26718077063560486,0.6410115361213684
ASML,2017Q4,16,0.06377722322940826,0.020436571910977364,0.9157862067222595
ASML,2018Q1,1,0.07336792349815369,0.014082579873502254,0.9125495553016663
ASML,2018Q1,2,0.8002551198005676,0.15716569125652313,0.04257924109697342
ASML,2018Q1,3,0.8207295536994934,0.016682123765349388,0.1625882387161255
ASML,2018Q1,4,0.9450640678405762,0.010190794244408607,0.04474509507417679
ASML,2018Q1,5,0.6225519776344299,0.008943706750869751,0.36850428581237793
ASML,2018Q1,6,0.6235761046409607,0.011236300691962242,0.36518755555152893
ASML,2018Q1,7,0.10894458740949631,0.04019313305616379,0.8508623242378235
ASML,2018Q1,8,0.18436311185359955,0.010624640621244907,0.8050122261047363
ASML,2018Q1,9,0.05300629511475563,0.17680701613426208,0.7701866626739502
ASML,2018Q1,10,0.36613166332244873,0.012159816920757294,0.6217085123062134
ASML,2018Q1,11,0.15818122029304504,0.01040630228817463,0.8314124941825867
ASML,2018Q1,12,0.18164460361003876,0.17015214264392853,0.6482032537460327
ASML,2018Q1,13,0.16265422105789185,0.01250804029405117,0.8248377442359924
ASML,2018Q1,14,0.09629499167203903,0.014377034269273281,0.8893280029296875
ASML,2018Q1,15,0.14532572031021118,0.19219064712524414,0.6624836921691895
ASML,2018Q1,16,0.06846722215414047,0.043143130838871,0.8883897066116333
ASML,2018Q2,1,0.07138549536466599,0.014891073107719421,0.9137234687805176
ASML,2018Q2,2,0.0860232338309288,0.01865454763174057,0.8953222632408142
ASML,2018Q2,3,0.5880517959594727,0.014575299806892872,0.39737290143966675
ASML,2018Q2,4,0.9462485909461975,0.01203316543251276,0.04171832650899887
ASML,2018Q2,5,0.5458970665931702,0.13309000432491302,0.321012943983078
ASML,2018Q2,6,0.9122607707977295,0.00766704510897398,0.08007219433784485
ASML,2018Q2,7,0.04807715490460396,0.03004578687250614,0.9218770265579224
ASML,2018Q2,8,0.03793726861476898,0.06298686563968658,0.8990758657455444
ASML,2018Q2,9,0.15778213739395142,0.010744689963757992,0.831473171710968
ASML,2018Q2,10,0.050509169697761536,0.022439539432525635,0.927051305770874
ASML,2018Q2,11,0.6426882147789001,0.03130868077278137,0.3260030448436737
ASML,2018Q2,12,0.06582517176866531,0.019109638407826424,0.9150652289390564
ASML,2018Q2,13,0.07155418395996094,0.020206427201628685,0.9082393646240234
ASML,2018Q2,14,0.07700935006141663,0.1558525562286377,0.7671380639076233
ASML,2018Q2,15,0.4249870777130127,0.029415791854262352,0.5455971360206604
ASML,2018Q2,16,0.25353845953941345,0.014444057829678059,0.7320175170898438
ASML,2018Q2,17,0.09401591867208481,0.026514725759625435,0.8794693350791931
ASML,2018Q2,18,0.26685383915901184,0.011068899184465408,0.7220772504806519
ASML,2018Q3,1,0.07410473376512527,0.01399211771786213,0.9119031429290771
ASML,2018Q3,2,0.6353564858436584,0.01652892306447029,0.348114550113678
ASML,2018Q3,3,0.8938708901405334,0.014542561955749989,0.09158658981323242
ASML,2018Q3,4,0.8806804418563843,0.008101505227386951,0.11121804267168045
ASML,2018Q3,5,0.4335704445838928,0.0145557327196002,0.5518738031387329
ASML,2018Q3,6,0.07475951313972473,0.020735109224915504,0.9045053720474243
ASML,2018Q3,7,0.5709224939346313,0.08406373858451843,0.34501370787620544
ASML,2018Q3,8,0.7903726696968079,0.00887333508580923,0.20075394213199615
ASML,2018Q3,9,0.09718862175941467,0.06956759095191956,0.833243727684021
ASML,2018Q3,10,0.03754772990942001,0.01913638971745968,0.943315863609314
ASML,2018Q3,11,0.05330450460314751,0.041147250682115555,0.9055482745170593
ASML,2018Q3,12,0.15338003635406494,0.024651922285556793,0.8219680190086365
ASML,2018Q3,13,0.20394745469093323,0.01641443371772766,0.7796381115913391
ASML,2018Q4,1,0.05754821375012398,0.015798494219779968,0.9266533255577087
ASML,2018Q4,2,0.32048940658569336,0.02973591536283493,0.6497746706008911
ASML,2018Q4,3,0.4345128536224365,0.1772231161594391,0.3882639706134796
ASML,2018Q4,4,0.931625247001648,0.00861444789916277,0.05976024642586708
ASML,2018Q4,5,0.9484737515449524,0.013334738090634346,0.03819150850176811
ASML,2018Q4,6,0.19563299417495728,0.010421971790492535,0.7939450144767761
ASML,2018Q4,7,0.09568385034799576,0.03942754492163658,0.864888608455658
ASML,2018Q4,8,0.15588067471981049,0.03569364920258522,0.8084256649017334
ASML,2018Q4,9,0.20882590115070343,0.02033315598964691,0.7708409428596497
ASML,2018Q4,10,0.31040287017822266,0.02399788610637188,0.6655992269515991
ASML,2018Q4,11,0.27908751368522644,0.00962177012115717,0.7112906575202942
ASML,2018Q4,12,0.16927233338356018,0.021721193566918373,0.8090064525604248
ASML,2018Q4,13,0.07570940256118774,0.04200784116983414,0.8822827935218811
ASML,2018Q4,14,0.26951009035110474,0.013154898770153522,0.7173349857330322
ASML,2018Q4,15,0.046688470989465714,0.018676701933145523,0.934634804725647
ASML,2018Q4,16,0.1206902414560318,0.0350506417453289,0.8442590832710266
ASML,2018Q4,17,0.08980385214090347,0.02901543490588665,0.8811807632446289
ASML,2019Q1,1,0.06282155215740204,0.014187678694725037,0.9229907393455505
ASML,2019Q1,2,0.9565677046775818,0.01821855455636978,0.025213751941919327
ASML,2019Q1,3,0.03154425695538521,0.933382511138916,0.03507329896092415
ASML,2019Q1,4,0.010396582074463367,0.9641543030738831,0.02544921264052391
ASML,2019Q1,5,0.9521089196205139,0.012196415103971958,0.03569473698735237
ASML,2019Q1,6,0.9428564310073853,0.011125334538519382,0.046018294990062714
ASML,2019Q1,7,0.049890823662281036,0.09269046783447266,0.8574186563491821
ASML,2019Q1,8,0.8110694289207458,0.019024701789021492,0.16990582644939423
ASML,2019Q1,9,0.8436484336853027,0.04552602395415306,0.11082550138235092
ASML,2019Q1,10,0.10325364768505096,0.035042040050029755,0.8617043495178223
ASML,2019Q1,11,0.08216594904661179,0.017250830307602882,0.9005832672119141
ASML,2019Q1,12,0.1720755249261856,0.015333660878241062,0.8125907778739929
ASML,2019Q1,13,0.47254207730293274,0.03419703617691994,0.4932608902454376
ASML,2019Q1,14,0.08787441998720169,0.2863168716430664,0.6258087158203125
ASML,2019Q1,15,0.7009094953536987,0.011267256923019886,0.2878232002258301
ASML,2019Q1,16,0.1785280555486679,0.18445034325122833,0.6370216012001038
ASML,2019Q1,17,0.33409178256988525,0.009008863940834999,0.6568993926048279
ASML,2019Q2,1,0.06566642224788666,0.015269099734723568,0.9190644025802612
ASML,2019Q2,2,0.5038545727729797,0.026257414370775223,0.4698880612850189
ASML,2019Q2,3,0.010687600821256638,0.9692720770835876,0.02004030905663967
ASML,2019Q2,4,0.8712055087089539,0.006665672175586224,0.12212879955768585
ASML,2019Q2,5,0.22495776414871216,0.013100262731313705,0.7619419693946838
ASML,2019Q2,6,0.09884601831436157,0.8286427855491638,0.07251112163066864
ASML,2019Q2,7,0.19950105249881744,0.01589570939540863,0.7846032381057739
ASML,2019Q2,8,0.14524565637111664,0.018465297296643257,0.8362890481948853
ASML,2019Q2,9,0.19351232051849365,0.012883511371910572,0.7936041951179504
ASML,2019Q2,10,0.10397222638130188,0.10768724232912064,0.7883405685424805
ASML,2019Q2,11,0.23973609507083893,0.23709028959274292,0.5231736302375793
ASML,2019Q2,12,0.15221841633319855,0.01203023362904787,0.8357512950897217
ASML,2019Q2,13,0.7417469024658203,0.01365491934120655,0.2445981800556183
ASML,2019Q2,14,0.13172724843025208,0.7996150255203247,0.06865770369768143
ASML,2019Q2,15,0.0723726749420166,0.02580518089234829,0.9018221497535706
ASML,2019Q2,16,0.8494124412536621,0.010908033698797226,0.13967952132225037
ASML,2019Q2,17,0.062199678272008896,0.07677863538265228,0.8610216975212097
ASML,2019Q3,1,0.0704999566078186,0.01475460734218359,0.9147454500198364
ASML,2019Q3,2,0.9513078331947327,0.0239858441054821,0.024706276133656502
ASML,2019Q3,3,0.20570577681064606,0.017077326774597168,0.777216911315918
ASML,2019Q3,4,0.8426452279090881,0.007140767760574818,0.1502140462398529
ASML,2019Q3,5,0.2400776594877243,0.010801869444549084,0.7491204142570496
ASML,2019Q3,6,0.14928564429283142,0.03857673332095146,0.8121376037597656
ASML,2019Q3,7,0.06206950172781944,0.033301595598459244,0.9046288728713989
ASML,2019Q3,8,0.14400625228881836,0.04798395186662674,0.8080098032951355
ASML,2019Q3,9,0.6844171285629272,0.06040116772055626,0.2551816701889038
ASML,2019Q3,10,0.19252745807170868,0.03278064727783203,0.7746918797492981
ASML,2019Q3,11,0.1056855246424675,0.015170946717262268,0.8791435360908508
ASML,2019Q3,12,0.8397095799446106,0.013335566967725754,0.14695481956005096
ASML,2019Q3,13,0.18017518520355225,0.04093406721949577,0.7788907289505005
ASML,2019Q3,14,0.18887315690517426,0.02312738448381424,0.7879994511604309
ASML,2019Q3,15,0.08645875006914139,0.42041265964508057,0.49312856793403625
ASML,2019Q3,16,0.041174668818712234,0.3002093434333801,0.6586160063743591
ASML,2019Q4,1,0.053505055606365204,0.01573255844414234,0.9307624101638794
ASML,2019Q4,2,0.6725564002990723,0.17541639506816864,0.1520271748304367
ASML,2019Q4,3,0.9572542905807495,0.018822886049747467,0.023922741413116455
ASML,2019Q4,4,0.9316744804382324,0.010487561114132404,0.05783798173069954
ASML,2019Q4,5,0.13421741127967834,0.02109644003212452,0.8446861505508423
ASML,2019Q4,6,0.09653392434120178,0.06851387023925781,0.8349522352218628
ASML,2019Q4,7,0.16399382054805756,0.010123862884938717,0.8258823156356812
ASML,2019Q4,8,0.08775953948497772,0.017971867695450783,0.8942686319351196
ASML,2019Q4,9,0.04764014855027199,0.08677791804075241,0.8655819296836853
ASML,2019Q4,10,0.5040552616119385,0.025043698027729988,0.4709010124206543
ASML,2019Q4,11,0.7613604664802551,0.11286509782075882,0.12577444314956665
ASML,2019Q4,12,0.09528035670518875,0.014122636057436466,0.8905969858169556
ASML,2019Q4,13,0.0566675178706646,0.037684354931116104,0.9056481122970581
ASML,2019Q4,14,0.48412024974823,0.02011597529053688,0.4957638084888458
ASML,2019Q4,15,0.24513185024261475,0.022020850330591202,0.7328473329544067
ASML,2019Q4,16,0.0970044881105423,0.026784652844071388,0.8762108683586121
ASML,2019Q4,17,0.07655820995569229,0.02869965136051178,0.8947420716285706
ASML,2019Q4,18,0.020131390541791916,0.11375399678945541,0.8661145567893982
ASML,2020Q1,1,0.05638821795582771,0.014769072644412518,0.9288427233695984
ASML,2020Q1,2,0.9507725238800049,0.010812313295900822,0.038415148854255676
ASML,2020Q1,3,0.9095061421394348,0.028196580708026886,0.0622972771525383
ASML,2020Q1,4,0.9535649418830872,0.013203633017838001,0.03323136642575264
ASML,2020Q1,5,0.6769188642501831,0.02168555185198784,0.30139556527137756
ASML,2020Q1,6,0.3465753495693207,0.02292717806994915,0.6304974555969238
ASML,2020Q1,7,0.090949147939682,0.017043227329850197,0.89200758934021
ASML,2020Q1,8,0.9297564029693604,0.048314355313777924,0.021929217502474785
ASML,2020Q1,9,0.8366341590881348,0.055654238909482956,0.10771148651838303
ASML,2020Q1,10,0.8924522995948792,0.009207434952259064,0.09834031760692596
ASML,2020Q1,11,0.20237255096435547,0.01589854806661606,0.7817289233207703
ASML,2020Q1,12,0.403598427772522,0.05568885803222656,0.5407127141952515
ASML,2020Q1,13,0.08619607239961624,0.023432612419128418,0.8903712630271912
ASML,2020Q1,14,0.12013642489910126,0.0264681875705719,0.853395402431488
ASML,2020Q1,15,0.07235249876976013,0.6327480673789978,0.2948994040489197
ASML,2020Q1,16,0.08242788165807724,0.014093343168497086,0.9034788012504578
ASML,2020Q1,17,0.16050128638744354,0.5793147087097168,0.26018401980400085
ASML,2020Q2,1,0.2758580148220062,0.013095797970890999,0.7110461592674255
ASML,2020Q2,2,0.6116884350776672,0.33180204033851624,0.05650956928730011
ASML,2020Q2,3,0.023052914068102837,0.9031485319137573,0.07379847019910812
ASML,2020Q2,4,0.010621300898492336,0.9618505239486694,0.027528150007128716
ASML,2020Q2,5,0.01903435029089451,0.8997602462768555,0.08120544254779816
ASML,2020Q2,6,0.9380210638046265,0.011513509787619114,0.0504654161632061
ASML,2020Q2,7,0.9460591673851013,0.014673867262899876,0.03926694765686989
ASML,2020Q2,8,0.7613925337791443,0.020501744002103806,0.2181057184934616
ASML,2020Q2,9,0.12341257184743881,0.015874145552515984,0.8607133030891418
ASML,2020Q2,10,0.18921782076358795,0.06237167865037918,0.7484104633331299
ASML,2020Q2,11,0.04055603966116905,0.08253949135541916,0.8769044876098633
ASML,2020Q2,12,0.03799474611878395,0.8564020395278931,0.10560320317745209
ASML,2020Q2,13,0.09381774067878723,0.17529234290122986,0.7308899164199829
ASML,2020Q2,14,0.05567782372236252,0.1565597951412201,0.7877623438835144
ASML,2020Q2,15,0.17836643755435944,0.027882616966962814,0.7937510013580322
ASML,2020Q2,16,0.5958398580551147,0.014432827942073345,0.3897273540496826
ASML,2020Q2,17,0.11265747249126434,0.1759793609380722,0.7113631963729858
ASML,2020Q3,1,0.9215345978736877,0.013150784187018871,0.06531456112861633
ASML,2020Q3,2,0.610890805721283,0.012090465985238552,0.3770187497138977
ASML,2020Q3,3,0.8666477799415588,0.01530673447996378,0.11804547905921936
ASML,2020Q3,4,0.9381791949272156,0.0331551656126976,0.028665676712989807
ASML,2020Q3,5,0.9548240900039673,0.01444418728351593,0.0307318065315485
ASML,2020Q3,6,0.9577418565750122,0.020011847838759422,0.022246310487389565
ASML,2020Q3,7,0.915411651134491,0.013297462835907936,0.07129086554050446
ASML,2020Q3,8,0.390566349029541,0.044509075582027435,0.5649245977401733
ASML,2020Q3,9,0.9235433340072632,0.02434520237147808,0.052111443132162094
ASML,2020Q3,10,0.45084133744239807,0.12793999910354614,0.4212186336517334
ASML,2020Q3,11,0.06370996683835983,0.02367894910275936,0.9126110672950745
ASML,2020Q3,12,0.0649414211511612,0.02093539573252201,0.9141232371330261
ASML,2020Q3,13,0.1385153979063034,0.02707519382238388,0.8344094157218933
ASML,2020Q3,14,0.23393124341964722,0.02543630264699459,0.7406324744224548
ASML,2020Q3,15,0.055717833340168,0.04158439487218857,0.9026978015899658
ASML,2020Q3,16,0.6000036001205444,0.04965336620807648,0.35034307837486267
CSCO,2016Q1,1,0.8124839067459106,0.15687872469425201,0.030637381598353386
CSCO,2016Q1,2,0.7913762331008911,0.007348520215600729,0.20127525925636292
CSCO,2016Q1,3,0.9570229649543762,0.01435170229524374,0.028625335544347763
CSCO,2016Q1,4,0.923609733581543,0.014533274807035923,0.06185701861977577
CSCO,2016Q1,5,0.6687313318252563,0.027332870289683342,0.30393579602241516
CSCO,2016Q1,6,0.05616408586502075,0.3130752742290497,0.6307606101036072
CSCO,2016Q1,7,0.6144696474075317,0.013835451565682888,0.3716948330402374
CSCO,2016Q1,8,0.4540488123893738,0.009164429269731045,0.5367867946624756
CSCO,2016Q1,9,0.0905042290687561,0.02857457846403122,0.8809211850166321
CSCO,2016Q1,10,0.8011839389801025,0.00898427702486515,0.18983179330825806
CSCO,2016Q1,11,0.797693133354187,0.009091263636946678,0.19321563839912415
CSCO,2016Q1,12,0.4342257082462311,0.009787892922759056,0.5559864044189453
CSCO,2016Q1,13,0.11807997524738312,0.3877703845500946,0.49414968490600586
CSCO,2016Q1,14,0.8138781785964966,0.009274755604565144,0.17684705555438995
CSCO,2016Q1,15,0.7624261379241943,0.010595367290079594,0.22697845101356506
CSCO,2016Q1,16,0.777054488658905,0.007831523194909096,0.21511395275592804
CSCO,2016Q2,1,0.9556505680084229,0.017750542610883713,0.026598872616887093
CSCO,2016Q2,2,0.9478419423103333,0.011687012389302254,0.04047100245952606
CSCO,2016Q2,3,0.9291027784347534,0.05025944858789444,0.020637797191739082
CSCO,2016Q2,4,0.9198046326637268,0.02888791449368,0.051307521760463715
CSCO,2016Q2,5,0.03475731983780861,0.6191250085830688,0.34611767530441284
CSCO,2016Q2,6,0.024679236114025116,0.920103132724762,0.055217597633600235
CSCO,2016Q2,7,0.9387274980545044,0.012017698027193546,0.04925476014614105
CSCO,2016Q2,8,0.9376590251922607,0.015894321724772453,0.04644662141799927
CSCO,2016Q2,9,0.8391275405883789,0.012499363161623478,0.14837303757667542
CSCO,2016Q2,10,0.017780622467398643,0.9495772123336792,0.03264207765460014
CSCO,2016Q2,11,0.44376692175865173,0.009401615709066391,0.546831488609314
CSCO,2016Q2,12,0.22588391602039337,0.07998982071876526,0.6941262483596802
CSCO,2016Q2,13,0.1652570366859436,0.4595027267932892,0.3752402365207672
CSCO,2016Q2,14,0.18544183671474457,0.010296695865690708,0.8042614459991455
CSCO,2016Q2,15,0.280804842710495,0.014510009437799454,0.7046850919723511
CSCO,2016Q3,1,0.9522315859794617,0.016274333000183105,0.03149411454796791
CSCO,2016Q3,2,0.8988897204399109,0.008264652453362942,0.09284567832946777
CSCO,2016Q3,3,0.8888124823570251,0.008320788852870464,0.10286661982536316
CSCO,2016Q3,4,0.06928333640098572,0.9073594808578491,0.023357149213552475
CSCO,2016Q3,5,0.8469424843788147,0.01948028989136219,0.13357722759246826
CSCO,2016Q3,6,0.8563233017921448,0.0072924247942864895,0.13638430833816528
CSCO,2016Q3,7,0.09915392845869064,0.011346778832376003,0.889499306678772
CSCO,2016Q3,8,0.5085391998291016,0.013922509737312794,0.4775382876396179
CSCO,2016Q3,9,0.2906753718852997,0.27235427498817444,0.4369702935218811
CSCO,2016Q3,10,0.2490658015012741,0.10269008576869965,0.6482440829277039
CSCO,2016Q3,11,0.5614609718322754,0.031154945492744446,0.40738406777381897
CSCO,2016Q3,12,0.05375434085726738,0.03152348846197128,0.914722204208374
CSCO,2016Q3,13,0.8494749665260315,0.008792434819042683,0.1417326033115387
CSCO,2016Q4,1,0.12892498075962067,0.8525017499923706,0.018573325127363205
CSCO,2016Q4,2,0.8663917779922485,0.007517449092119932,0.12609076499938965
CSCO,2016Q4,3,0.04426822438836098,0.9410942196846008,0.014637493528425694
CSCO,2016Q4,4,0.9580463767051697,0.016337603330612183,0.02561611495912075
CSCO,2016Q4,5,0.7617468237876892,0.00725189596414566,0.2310013473033905
CSCO,2016Q4,6,0.6614938974380493,0.06790926307439804,0.27059680223464966
CSCO,2016Q4,7,0.39185237884521484,0.009348616935312748,0.5987989902496338
CSCO,2016Q4,8,0.17749495804309845,0.6976312398910522,0.1248738020658493
CSCO,2016Q4,9,0.3285176455974579,0.01378319039940834,0.6576991677284241
CSCO,2016Q4,10,0.5698068141937256,0.34304389357566833,0.08714927732944489
CSCO,2016Q4,11,0.6163200736045837,0.014585457742214203,0.3690944015979767
CSCO,2016Q4,12,0.6308700442314148,0.011904374696314335,0.3572256565093994
CSCO,2016Q4,13,0.2740035951137543,0.016816332936286926,0.7091800570487976
CSCO,2016Q4,14,0.6803873181343079,0.014557681046426296,0.30505505204200745
CSCO,2017Q1,1,0.9533154964447021,0.01584467664361,0.030839787796139717
CSCO,2017Q1,2,0.882809042930603,0.007335125934332609,0.1098557561635971
CSCO,2017Q1,3,0.8301175236701965,0.006774923764169216,0.16310757398605347
CSCO,2017Q1,4,0.03181834518909454,0.9534569978713989,0.014724663458764553
CSCO,2017Q1,5,0.044982437044382095,0.9295257329940796,0.025491809472441673
CSCO,2017Q1,6,0.9349638819694519,0.009342797100543976,0.05569325014948845
CSCO,2017Q1,7,0.8881259560585022,0.017567628994584084,0.09430646896362305
CSCO,2017Q1,8,0.15177351236343384,0.7463398575782776,0.10188658535480499
CSCO,2017Q1,9,0.3502403497695923,0.010483542457222939,0.6392760872840881
CSCO,2017Q1,10,0.09739360213279724,0.011006243526935577,0.8916001915931702
CSCO,2017Q1,11,0.2799709737300873,0.023412523791193962,0.696616530418396
CSCO,2017Q1,12,0.07441426068544388,0.015089064836502075,0.9104966521263123
CSCO,2017Q1,13,0.9178119897842407,0.009807220660150051,0.07238081842660904
CSCO,2017Q2,1,0.9500438570976257,0.01461061555892229,0.035345569252967834
CSCO,2017Q2,2,0.8380447030067444,0.006921475287526846,0.15503379702568054
CSCO,2017Q2,3,0.7734168767929077,0.007462638430297375,0.21912042796611786
CSCO,2017Q2,4,0.10316856950521469,0.8400178551673889,0.05681360512971878
CSCO,2017Q2,5,0.008471842855215073,0.9732770919799805,0.018251102417707443
CSCO,2017Q2,6,0.11979803442955017,0.0112912030890584,0.8689107894897461
CSCO,2017Q2,7,0.7724797129631042,0.011759087443351746,0.2157611846923828
CSCO,2017Q2,8,0.01654084585607052,0.9466423988342285,0.03681672364473343
CSCO,2017Q2,9,0.17575879395008087,0.0116581991314888,0.8125830292701721
CSCO,2017Q2,10,0.17623208463191986,0.01017436571419239,0.8135935068130493
CSCO,2017Q2,11,0.29133543372154236,0.4866526126861572,0.2220119833946228
CSCO,2017Q2,12,0.0789475068449974,0.04081453010439873,0.8802379965782166
CSCO,2017Q2,13,0.3851855397224426,0.009378612972795963,0.605435848236084
CSCO,2017Q2,14,0.09494875371456146,0.0158026535063982,0.8892486691474915
CSCO,2017Q2,15,0.333729088306427,0.009894322603940964,0.6563766002655029
CSCO,2017Q3,1,0.9145417809486389,0.009985861368477345,0.07547236979007721
CSCO,2017Q3,2,0.9245434999465942,0.009065557271242142,0.06639090925455093
CSCO,2017Q3,3,0.904190182685852,0.007090101484209299,0.08871978521347046
CSCO,2017Q3,4,0.9359806776046753,0.011609983630478382,0.05240936577320099
CSCO,2017Q3,5,0.021701699122786522,0.9621644020080566,0.01613384112715721
CSCO,2017Q3,6,0.23037779331207275,0.7395094037055969,0.030112775042653084
CSCO,2017Q3,7,0.05118728056550026,0.014338163658976555,0.934474527835846
CSCO,2017Q3,8,0.4091305136680603,0.015399486757814884,0.5754700303077698
CSCO,2017Q3,9,0.042902860790491104,0.6878750324249268,0.26922208070755005
CSCO,2017Q3,10,0.8305729031562805,0.11046674847602844,0.05896035209298134
CSCO,2017Q3,11,0.1785777360200882,0.24096845090389252,0.5804538130760193
CSCO,2017Q3,12,0.8110488653182983,0.007563783321529627,0.18138732016086578
CSCO,2017Q3,13,0.8938790559768677,0.02993638440966606,0.07618450373411179
CSCO,2017Q3,14,0.08547073602676392,0.01948603056371212,0.8950431942939758
CSCO,2017Q3,15,0.6639266610145569,0.03754006698727608,0.29853323101997375
CSCO,2017Q3,16,0.16706043481826782,0.025503825396299362,0.8074357509613037
CSCO,2017Q3,17,0.3600098192691803,0.008847841992974281,0.6311423778533936
CSCO,2017Q4,1,0.9492809772491455,0.013572162948548794,0.03714686632156372
CSCO,2017Q4,2,0.8826202154159546,0.00701431930065155,0.11036544293165207
CSCO,2017Q4,3,0.5720375180244446,0.012661002576351166,0.41530150175094604
CSCO,2017Q4,4,0.946083128452301,0.011219200678169727,0.04269760102033615
CSCO,2017Q4,5,0.01270074862986803,0.966399073600769,0.02090010605752468
CSCO,2017Q4,6,0.8978452682495117,0.01331155002117157,0.08884322643280029
CSCO,2017Q4,7,0.34028372168540955,0.012750825844705105,0.6469654440879822
CSCO,2017Q4,8,0.5846909880638123,0.026638101786375046,0.3886709213256836
CSCO,2017Q4,9,0.0841357633471489,0.01819053292274475,0.8976736664772034
CSCO,2017Q4,10,0.8308166861534119,0.016255365684628487,0.152927964925766
CSCO,2017Q4,11,0.6171846985816956,0.01971164345741272,0.3631037175655365
CSCO,2017Q4,12,0.844010591506958,0.04836694896221161,0.10762248188257217
CSCO,2017Q4,13,0.6334789991378784,0.01359663624316454,0.3529244065284729
CSCO,2018Q1,1,0.9493734836578369,0.012402384541928768,0.03822406753897667
CSCO,2018Q1,2,0.8449227213859558,0.007600000593811274,0.14747725427150726
CSCO,2018Q1,3,0.6994016170501709,0.008763016201555729,0.2918354272842407
CSCO,2018Q1,4,0.9542867541313171,0.014457324519753456,0.03125591576099396
CSCO,2018Q1,5,0.9390192031860352,0.016374217346310616,0.04460659995675087
CSCO,2018Q1,6,0.8843001127243042,0.007197945844382048,0.10850191861391068
CSCO,2018Q1,7,0.37794822454452515,0.012543960474431515,0.6095077991485596
CSCO,2018Q1,8,0.06997856497764587,0.6737222075462341,0.2562991976737976
CSCO,2018Q1,9,0.8987178206443787,0.007880892604589462,0.09340128302574158
CSCO,2018Q1,10,0.7392967343330383,0.023278893902897835,0.23742426931858063
CSCO,2018Q1,11,0.07931840419769287,0.014290650375187397,0.906390905380249
CSCO,2018Q1,12,0.11040240526199341,0.8392623066902161,0.05033532902598381
CSCO,2018Q1,13,0.6091610789299011,0.033379532396793365,0.3574594259262085
CSCO,2018Q1,14,0.22431382536888123,0.011003918945789337,0.7646822333335876
CSCO,2018Q2,1,0.9484640955924988,0.013782774098217487,0.03775308281183243
CSCO,2018Q2,2,0.682460367679596,0.008373972959816456,0.30916568636894226
CSCO,2018Q2,3,0.45368704199790955,0.01308980118483305,0.5332231521606445
CSCO,2018Q2,4,0.9551405906677246,0.015140322968363762,0.029719103127717972
CSCO,2018Q2,5,0.16432426869869232,0.011976491659879684,0.8236992359161377
CSCO,2018Q2,6,0.2319226861000061,0.021588344126939774,0.7464889287948608
CSCO,2018Q2,7,0.6526158452033997,0.012351910583674908,0.33503228425979614
CSCO,2018Q2,8,0.10747254639863968,0.010044311173260212,0.882483184337616
CSCO,2018Q2,9,0.3268994092941284,0.18769674003124237,0.4854038655757904
CSCO,2018Q2,10,0.9018900990486145,0.013089344836771488,0.0850205272436142
CSCO,2018Q2,11,0.37565770745277405,0.08640819042921066,0.5379341244697571
CSCO,2018Q2,12,0.38473787903785706,0.013237235136330128,0.6020248532295227
CSCO,2018Q2,13,0.3496195077896118,0.021281111985445023,0.6290993690490723
CSCO,2018Q2,14,0.8599758148193359,0.013221495784819126,0.1268027126789093
CSCO,2018Q3,1,0.9396225214004517,0.011364586651325226,0.04901285469532013
CSCO,2018Q3,2,0.9399248957633972,0.010228357277810574,0.04984664171934128
CSCO,2018Q3,3,0.9057132005691528,0.008268126286566257,0.08601868152618408
CSCO,2018Q3,4,0.9594835042953491,0.01794070564210415,0.022575743496418
CSCO,2018Q3,5,0.9486333131790161,0.019073888659477234,0.03229278698563576
CSCO,2018Q3,6,0.24104128777980804,0.013042069971561432,0.7459166049957275
CSCO,2018Q3,7,0.1830090433359146,0.020577622577548027,0.7964133024215698
CSCO,2018Q3,8,0.24105848371982574,0.01919761672616005,0.7397438287734985
CSCO,2018Q3,9,0.11522119492292404,0.013750988058745861,0.8710278868675232
CSCO,2018Q3,10,0.6884835362434387,0.014482107944786549,0.297034353017807
CSCO,2018Q3,11,0.15416398644447327,0.013157316483557224,0.8326786756515503
CSCO,2018Q3,12,0.08760526031255722,0.048380061984062195,0.8640146851539612
CSCO,2018Q3,13,0.041813548654317856,0.12285834550857544,0.8353281021118164
CSCO,2018Q3,14,0.37062525749206543,0.011634696274995804,0.6177400350570679
CSCO,2018Q3,15,0.03968986123800278,0.09129037708044052,0.8690198063850403
CSCO,2018Q3,16,0.7105366587638855,0.02714396081864834,0.2623193860054016
CSCO,2018Q4,1,0.9317595362663269,0.010572814382612705,0.057667579501867294
CSCO,2018Q4,2,0.38564160466194153,0.010402698069810867,0.6039557456970215
CSCO,2018Q4,3,0.5213584303855896,0.00822475552558899,0.47041675448417664
CSCO,2018Q4,4,0.40996354818344116,0.009214534424245358,0.5808218717575073
CSCO,2018Q4,5,0.9558435082435608,0.01695307344198227,0.027203399688005447
CSCO,2018Q4,6,0.10645302385091782,0.018193621188402176,0.8753533363342285
CSCO,2018Q4,7,0.8299635052680969,0.012533525936305523,0.1575029343366623
CSCO,2018Q4,8,0.876695990562439,0.011761430650949478,0.11154254525899887
CSCO,2018Q4,9,0.6996557712554932,0.020021723583340645,0.28032249212265015
CSCO,2018Q4,10,0.22737610340118408,0.010069646872580051,0.7625542879104614
CSCO,2018Q4,11,0.7822192907333374,0.1677982062101364,0.04998249560594559
CSCO,2018Q4,12,0.8184855580329895,0.01616608537733555,0.16534832119941711
CSCO,2018Q4,13,0.22808317840099335,0.13306458294391632,0.6388522386550903
CSCO,2018Q4,14,0.11938530206680298,0.01234698761254549,0.8682677149772644
CSCO,2018Q4,15,0.18651099503040314,0.03699696063995361,0.7764919996261597
CSCO,2018Q4,16,0.07642218470573425,0.017604941502213478,0.9059728980064392
CSCO,2018Q4,17,0.10594968497753143,0.17945867776870728,0.7145916819572449
CSCO,2018Q4,18,0.18455056846141815,0.014115643687546253,0.8013337850570679
CSCO,2019Q1,1,0.9440430402755737,0.012447742745280266,0.043509114533662796
CSCO,2019Q1,2,0.6363719701766968,0.009081817232072353,0.3545462489128113
CSCO,2019Q1,3,0.6275380849838257,0.007942567579448223,0.3645193576812744
CSCO,2019Q1,4,0.8362069129943848,0.12373771518468857,0.040055371820926666
CSCO,2019Q1,5,0.28892481327056885,0.010864417999982834,0.7002107501029968
CSCO,2019Q1,6,0.31377139687538147,0.009042435325682163,0.677186131477356
CSCO,2019Q1,7,0.3204164206981659,0.009444812312722206,0.6701387763023376
CSCO,2019Q1,8,0.28995203971862793,0.5935764908790588,0.11647143214941025
CSCO,2019Q1,9,0.27120575308799744,0.020899025723338127,0.7078952193260193
CSCO,2019Q1,10,0.930712103843689,0.027493730187416077,0.041794098913669586
CSCO,2019Q1,11,0.8585861325263977,0.009531814604997635,0.13188213109970093
CSCO,2019Q1,12,0.6057464480400085,0.013604224659502506,0.3806493282318115
CSCO,2019Q1,13,0.07732512801885605,0.013294633477926254,0.9093802571296692
CSCO,2019Q1,14,0.06228823587298393,0.028018375858664513,0.9096933603286743
CSCO,2019Q1,15,0.8243988752365112,0.014395496807992458,0.1612056940793991
CSCO,2019Q2,1,0.9427562952041626,0.01222907193005085,0.04501461610198021
CSCO,2019Q2,2,0.763539731502533,0.008310484699904919,0.22814971208572388
CSCO,2019Q2,3,0.38608092069625854,0.01083551999181509,0.603083610534668
CSCO,2019Q2,4,0.9502745866775513,0.01209927350282669,0.03762612119317055
CSCO,2019Q2,5,0.35400673747062683,0.015814675018191338,0.6301785707473755
CSCO,2019Q2,6,0.013448214158415794,0.9596676826477051,0.026884067803621292
CSCO,2019Q2,7,0.11403258889913559,0.010902977548539639,0.8750643730163574
CSCO,2019Q2,8,0.0539822094142437,0.04832115396857262,0.8976966738700867
CSCO,2019Q2,9,0.4006336033344269,0.07425954937934875,0.5251068472862244
CSCO,2019Q2,10,0.057082220911979675,0.0644235610961914,0.8784942626953125
CSCO,2019Q2,11,0.11381116509437561,0.10485363751649857,0.781335175037384
CSCO,2019Q2,12,0.1196364015340805,0.012464160099625587,0.8678994178771973
CSCO,2019Q2,13,0.10016833990812302,0.016041932627558708,0.8837897777557373
CSCO,2019Q2,14,0.08228016644716263,0.018634188920259476,0.8990857005119324
CSCO,2019Q2,15,0.17452868819236755,0.013019236735999584,0.8124520182609558
CSCO,2019Q2,16,0.5285328030586243,0.015958867967128754,0.45550835132598877
CSCO,2019Q3,1,0.9536077380180359,0.014908378943800926,0.03148379549384117
CSCO,2019Q3,2,0.8073572516441345,0.008346891961991787,0.1842958778142929
CSCO,2019Q3,3,0.9152438640594482,0.009237011894583702,0.07551920413970947
CSCO,2019Q3,4,0.011678951792418957,0.9664921760559082,0.02182888425886631
CSCO,2019Q3,5,0.9580106139183044,0.017815127968788147,0.024174274876713753
CSCO,2019Q3,6,0.12407782673835754,0.7451844215393066,0.1307378113269806
CSCO,2019Q3,7,0.038795262575149536,0.5861517190933228,0.3750530183315277
CSCO,2019Q3,8,0.6257600784301758,0.012166527099907398,0.3620733618736267
CSCO,2019Q3,9,0.010241562500596046,0.9544087648391724,0.03534967824816704
CSCO,2019Q3,10,0.04237276315689087,0.7938746213912964,0.16375263035297394
CSCO,2019Q3,11,0.1538439691066742,0.012301263399422169,0.8338547348976135
CSCO,2019Q3,12,0.2854071855545044,0.011185992509126663,0.703406810760498
CSCO,2019Q3,13,0.4498646557331085,0.3508321940898895,0.19930317997932434
CSCO,2019Q3,14,0.3085123896598816,0.01552627608180046,0.6759613156318665
CSCO,2019Q4,1,0.15163454413414001,0.7856161594390869,0.06274931877851486
CSCO,2019Q4,2,0.8514512777328491,0.007608162704855204,0.14094047248363495
CSCO,2019Q4,3,0.8558239936828613,0.007905221544206142,0.13627079129219055
CSCO,2019Q4,4,0.8958233594894409,0.07509904354810715,0.029077624902129173
CSCO,2019Q4,5,0.9344740509986877,0.010073035024106503,0.05545295774936676
CSCO,2019Q4,6,0.040147606283426285,0.8989264369010925,0.06092597544193268
CSCO,2019Q4,7,0.7959483861923218,0.02165891043841839,0.18239276111125946
CSCO,2019Q4,8,0.23059256374835968,0.020881693810224533,0.7485257387161255
CSCO,2019Q4,9,0.9197595119476318,0.013004502281546593,0.06723589450120926
CSCO,2019Q4,10,0.4624246060848236,0.13516393303871155,0.40241143107414246
CSCO,2019Q4,11,0.0881061777472496,0.014946198090910912,0.8969476819038391
CSCO,2019Q4,12,0.1803901493549347,0.014459739439189434,0.8051501512527466
CSCO,2019Q4,13,0.045873887836933136,0.03909671679139137,0.9150294065475464
CSCO,2020Q1,1,0.9463609457015991,0.02615448273718357,0.027484571561217308
CSCO,2020Q1,2,0.8548991084098816,0.0071139405481517315,0.1379869282245636
CSCO,2020Q1,3,0.8912233114242554,0.007517480757087469,0.10125918686389923
CSCO,2020Q1,4,0.36643660068511963,0.5902009606361389,0.04336240142583847
CSCO,2020Q1,5,0.008922429755330086,0.9553021788597107,0.03577539697289467
CSCO,2020Q1,6,0.180888831615448,0.01950003392994404,0.7996111512184143
CSCO,2020Q1,7,0.7558791637420654,0.00936242938041687,0.23475830256938934
CSCO,2020Q1,8,0.0864955484867096,0.022144192829728127,0.8913602232933044
CSCO,2020Q1,9,0.7214758396148682,0.014851141721010208,0.2636731266975403
CSCO,2020Q1,10,0.09930010139942169,0.733494758605957,0.1672051101922989
CSCO,2020Q1,11,0.06089339032769203,0.01631275564432144,0.9227938652038574
CSCO,2020Q1,12,0.22678211331367493,0.011980653740465641,0.7612372040748596
CSCO,2020Q1,13,0.26754292845726013,0.4342603087425232,0.2981967329978943
CSCO,2020Q1,14,0.23836639523506165,0.012213109992444515,0.7494204640388489
CSCO,2020Q2,1,0.26418930292129517,0.02969421073794365,0.7061165571212769
CSCO,2020Q2,2,0.940185010433197,0.016780423000454903,0.04303458333015442
CSCO,2020Q2,3,0.27241209149360657,0.013538475148379803,0.7140493988990784
CSCO,2020Q2,4,0.6397764086723328,0.008939445950090885,0.3512841761112213
CSCO,2020Q2,5,0.9236651062965393,0.013000553473830223,0.06333435326814651
CSCO,2020Q2,6,0.9543680548667908,0.011904062703251839,0.033727921545505524
CSCO,2020Q2,7,0.007539479527622461,0.9681622385978699,0.024298183619976044
CSCO,2020Q2,8,0.32019785046577454,0.6229211091995239,0.05688103288412094
CSCO,2020Q2,9,0.7155150175094604,0.017548758536577225,0.2669362425804138
CSCO,2020Q2,10,0.6875579357147217,0.01484642829746008,0.29759570956230164
CSCO,2020Q2,11,0.14908991754055023,0.44233620166778564,0.40857383608818054
CSCO,2020Q2,12,0.37655171751976013,0.21220001578330994,0.41124823689460754
CSCO,2020Q2,13,0.04546080157160759,0.035952579230070114,0.9185866117477417
CSCO,2020Q2,14,0.4767646789550781,0.03542167693376541,0.48781368136405945
CSCO,2020Q2,15,0.3925575017929077,0.011013025417923927,0.5964294672012329
CSCO,2020Q2,16,0.19851544499397278,0.01730251871049404,0.784182071685791
CSCO,2020Q2,17,0.28785285353660583,0.009014280512928963,0.7031328082084656
CSCO,2020Q3,1,0.7762047648429871,0.011417258530855179,0.2123778909444809
CSCO,2020Q3,2,0.9158082008361816,0.00917180348187685,0.07501999288797379
CSCO,2020Q3,3,0.5444178581237793,0.008688751608133316,0.4468933939933777
CSCO,2020Q3,4,0.8411862850189209,0.006828023120760918,0.151985764503479
CSCO,2020Q3,5,0.48858386278152466,0.010648361407220364,0.5007678270339966
CSCO,2020Q3,6,0.00809013843536377,0.9751611351966858,0.016748668625950813
CSCO,2020Q3,7,0.013168293051421642,0.9534114599227905,0.03342026099562645
CSCO,2020Q3,8,0.1320715993642807,0.016782552003860474,0.8511458039283752
CSCO,2020Q3,9,0.48795050382614136,0.0088000213727355,0.50324946641922
CSCO,2020Q3,10,0.39731940627098083,0.0161281768232584,0.5865524411201477
CSCO,2020Q3,11,0.11347797513008118,0.01561034843325615,0.8709116578102112
CSCO,2020Q3,12,0.1050434336066246,0.024208905175328255,0.8707476854324341
CSCO,2020Q3,13,0.157455712556839,0.023804010823369026,0.8187402486801147
CSCO,2020Q3,14,0.046647991985082626,0.017491774633526802,0.935860276222229
CSCO,2020Q3,15,0.0462447851896286,0.2209218144416809,0.7328334450721741
GOOGL,2016Q1,1,0.7131320238113403,0.010200142860412598,0.27666783332824707
GOOGL,2016Q1,2,0.16732583940029144,0.01120388600975275,0.8214702606201172
GOOGL,2016Q1,3,0.18776249885559082,0.010911786928772926,0.8013257384300232
GOOGL,2016Q1,4,0.11989297717809677,0.012996314093470573,0.8671107292175293
GOOGL,2016Q1,5,0.6239148378372192,0.00925910659134388,0.36682602763175964
GOOGL,2016Q1,6,0.05058603733778,0.04533272981643677,0.9040812253952026
GOOGL,2016Q1,7,0.2576132118701935,0.010974728502333164,0.7314121127128601
GOOGL,2016Q1,8,0.5441440343856812,0.00940611306577921,0.4464498460292816
GOOGL,2016Q1,9,0.46923065185546875,0.008766137063503265,0.5220032334327698
GOOGL,2016Q1,10,0.7391537427902222,0.012136254459619522,0.24870994687080383
GOOGL,2016Q1,11,0.8763087391853333,0.007524159271270037,0.11616713553667068
GOOGL,2016Q1,12,0.8932265639305115,0.010439086705446243,0.09633433818817139
GOOGL,2016Q1,13,0.9620429873466492,0.016121454536914825,0.02183559536933899
GOOGL,2016Q2,1,0.9580503106117249,0.014886537566781044,0.027063146233558655
GOOGL,2016Q2,2,0.18266186118125916,0.7906087040901184,0.02672949992120266
GOOGL,2016Q2,3,0.6162469387054443,0.352914035320282,0.030839012935757637
GOOGL,2016Q2,4,0.41847139596939087,0.2926696240901947,0.28885897994041443
GOOGL,2016Q2,5,0.7458122372627258,0.008104736916720867,0.24608303606510162
GOOGL,2016Q2,6,0.22549721598625183,0.008671988733112812,0.7658308148384094
GOOGL,2016Q2,7,0.7058183550834656,0.009249681606888771,0.2849319279193878
GOOGL,2016Q2,8,0.21897771954536438,0.010261409915983677,0.7707608342170715
GOOGL,2016Q2,9,0.4773969054222107,0.011443061754107475,0.5111600160598755
GOOGL,2016Q2,10,0.9051111340522766,0.008542297407984734,0.0863465741276741
GOOGL,2016Q2,11,0.8701360821723938,0.00962019432336092,0.12024375796318054
GOOGL,2016Q2,12,0.6185479760169983,0.015089606866240501,0.36636239290237427
GOOGL,2016Q2,13,0.5347214937210083,0.012956534512341022,0.45232197642326355
GOOGL,2016Q2,14,0.170376718044281,0.016761649399995804,0.8128615617752075
GOOGL,2016Q2,15,0.4202788472175598,0.011910452507436275,0.5678107142448425
GOOGL,2016Q2,16,0.4895104467868805,0.010197021067142487,0.5002925395965576
GOOGL,2016Q2,17,0.2172147035598755,0.02771771512925625,0.7550676465034485
GOOGL,2016Q2,18,0.1064734011888504,0.01591784693300724,0.8776087164878845
GOOGL,2016Q3,1,0.9582918286323547,0.01329842396080494,0.028409674763679504
GOOGL,2016Q3,2,0.9573352336883545,0.021674642339348793,0.020990150049328804
GOOGL,2016Q3,3,0.9536367058753967,0.013115056790411472,0.033248260617256165
GOOGL,2016Q3,4,0.22489957511425018,0.030735468491911888,0.7443649768829346
GOOGL,2016Q3,5,0.4275261461734772,0.008919233456254005,0.5635546445846558
GOOGL,2016Q3,6,0.15434803068637848,0.01064983569085598,0.8350021839141846
GOOGL,2016Q3,7,0.219255268573761,0.01175153348594904,0.7689931392669678
GOOGL,2016Q3,8,0.2609593868255615,0.009988767094910145,0.7290518879890442
GOOGL,2016Q3,9,0.4365348219871521,0.009253384545445442,0.5542117357254028
GOOGL,2016Q3,10,0.8642951846122742,0.00650184927508235,0.1292029470205307
GOOGL,2016Q3,11,0.5805898308753967,0.00972387008368969,0.40968629717826843
GOOGL,2016Q3,12,0.9423590302467346,0.012876884080469608,0.04476405680179596
GOOGL,2016Q3,13,0.04054722562432289,0.03255030885338783,0.9269024729728699
GOOGL,2016Q3,14,0.08446219563484192,0.015348590910434723,0.9001892805099487
GOOGL,2016Q3,15,0.30838343501091003,0.012861349619925022,0.6787552237510681
GOOGL,2016Q3,16,0.34261584281921387,0.009373067878186703,0.6480110287666321
GOOGL,2016Q3,17,0.165359228849411,0.010186823084950447,0.8244539499282837
GOOGL,2016Q3,18,0.4419078528881073,0.008638660423457623,0.5494534969329834
GOOGL,2016Q4,1,0.5469589233398438,0.013936374336481094,0.43910473585128784
GOOGL,2016Q4,2,0.2971321940422058,0.03768839314579964,0.6651793718338013
GOOGL,2016Q4,3,0.9596297144889832,0.017194630578160286,0.02317565679550171
GOOGL,2016Q4,4,0.8975171446800232,0.00916539691388607,0.09331750869750977
GOOGL,2016Q4,5,0.9513192772865295,0.016879647970199585,0.03180113062262535
GOOGL,2016Q4,6,0.4997616410255432,0.008864101022481918,0.49137425422668457
GOOGL,2016Q4,7,0.292772501707077,0.010419080033898354,0.6968084573745728
GOOGL,2016Q4,8,0.5892404317855835,0.01093348953872919,0.3998260200023651
GOOGL,2016Q4,9,0.909041166305542,0.00792485848069191,0.08303402364253998
GOOGL,2016Q4,10,0.13718971610069275,0.013061595149338245,0.8497487306594849
GOOGL,2016Q4,11,0.2687658965587616,0.01880989968776703,0.7124241590499878
GOOGL,2016Q4,12,0.6672919988632202,0.023662710562348366,0.3090452253818512
GOOGL,2016Q4,13,0.49454009532928467,0.009390766732394695,0.4960692226886749
GOOGL,2016Q4,14,0.11125011742115021,0.01351854857057333,0.8752313256263733
GOOGL,2016Q4,15,0.18772026896476746,0.010803274810314178,0.8014764189720154
GOOGL,2016Q4,16,0.24172303080558777,0.010549674741923809,0.7477273344993591
GOOGL,2016Q4,17,0.29562655091285706,0.015383925288915634,0.688989520072937
GOOGL,2016Q4,18,0.395624041557312,0.012889609672129154,0.591486394405365
GOOGL,2017Q1,1,0.4804533123970032,0.01413561962544918,0.5054110288619995
GOOGL,2017Q1,2,0.37787920236587524,0.009821351617574692,0.6122994422912598
GOOGL,2017Q1,3,0.925507128238678,0.00908317044377327,0.06540965288877487
GOOGL,2017Q1,4,0.4908026158809662,0.010147087275981903,0.4990502893924713
GOOGL,2017Q1,5,0.1677415370941162,0.016981637105345726,0.8152768015861511
GOOGL,2017Q1,6,0.6145400404930115,0.01045281533151865,0.37500712275505066
GOOGL,2017Q1,7,0.2626729905605316,0.01041086483746767,0.7269161343574524
GOOGL,2017Q1,8,0.45038390159606934,0.009330211207270622,0.5402858853340149
GOOGL,2017Q1,9,0.2323186993598938,0.010540974326431751,0.7571403980255127
GOOGL,2017Q1,10,0.4795931875705719,0.010504123754799366,0.5099027156829834
GOOGL,2017Q1,11,0.168115496635437,0.022612912580370903,0.8092715740203857
GOOGL,2017Q1,12,0.16916432976722717,0.0109806377440691,0.8198549747467041
GOOGL,2017Q1,13,0.2194347232580185,0.013664791360497475,0.7669004797935486
GOOGL,2017Q2,1,0.8666321039199829,0.009460842236876488,0.12390702217817307
GOOGL,2017Q2,2,0.9598560333251953,0.017227735370397568,0.022916266694664955
GOOGL,2017Q2,3,0.9117238521575928,0.012640575878322124,0.07563553750514984
GOOGL,2017Q2,4,0.9454813003540039,0.022579360753297806,0.03193937614560127
GOOGL,2017Q2,5,0.606619656085968,0.01116330735385418,0.38221701979637146
GOOGL,2017Q2,6,0.3141195476055145,0.011311918497085571,0.6745685338973999
GOOGL,2017Q2,7,0.7646121382713318,0.007693122141063213,0.22769473493099213
GOOGL,2017Q2,8,0.6824308037757874,0.009417508728802204,0.3081517219543457
GOOGL,2017Q2,9,0.5007646679878235,0.00931580737233162,0.4899194836616516
GOOGL,2017Q2,10,0.20885857939720154,0.015400713309645653,0.7757407426834106
GOOGL,2017Q2,11,0.7834949493408203,0.00834511686116457,0.208159938454628
GOOGL,2017Q2,12,0.4261818528175354,0.009995322674512863,0.5638228058815002
GOOGL,2017Q2,13,0.30951419472694397,0.015647046267986298,0.6748387217521667
GOOGL,2017Q2,14,0.7551785707473755,0.01073626521974802,0.23408518731594086
GOOGL,2017Q2,15,0.4383021295070648,0.01734098605811596,0.5443568825721741
GOOGL,2017Q2,16,0.2837059795856476,0.010931568220257759,0.7053624987602234
GOOGL,2017Q2,17,0.08959471434354782,0.022797204554080963,0.8876080513000488
GOOGL,2017Q2,18,0.18776635825634003,0.011281333863735199,0.8009523153305054
GOOGL,2017Q3,1,0.9565219879150391,0.01344781368970871,0.03003018908202648
GOOGL,2017Q3,2,0.8583816885948181,0.09924329072237015,0.04237500950694084
GOOGL,2017Q3,3,0.9536410570144653,0.013084501028060913,0.033274393528699875
GOOGL,2017Q3,4,0.5080913305282593,0.3484540283679962,0.14345461130142212
GOOGL,2017Q3,5,0.7418510913848877,0.009387750178575516,0.2487611323595047
GOOGL,2017Q3,6,0.13131411373615265,0.016808390617370605,0.8518775105476379
GOOGL,2017Q3,7,0.8639703989028931,0.007706148084253073,0.12832346558570862
GOOGL,2017Q3,8,0.14760026335716248,0.011063167825341225,0.8413366079330444
GOOGL,2017Q3,9,0.6624846458435059,0.011583946645259857,0.3259314000606537
GOOGL,2017Q3,10,0.2216029316186905,0.028573432937264442,0.7498236894607544
GOOGL,2017Q3,11,0.8065767884254456,0.013501062989234924,0.17992211878299713
GOOGL,2017Q3,12,0.08394023776054382,0.01930088922381401,0.8967588543891907
GOOGL,2017Q3,13,0.2879359722137451,0.009737974032759666,0.7023259997367859
GOOGL,2017Q3,14,0.5898903608322144,0.010896780528128147,0.39921289682388306
GOOGL,2017Q3,15,0.8510724306106567,0.00988750346004963,0.13904009759426117
GOOGL,2017Q3,16,0.3363055884838104,0.010317821055650711,0.653376579284668
GOOGL,2017Q4,1,0.7812086939811707,0.01401700358837843,0.20477432012557983
GOOGL,2017Q4,2,0.5577560663223267,0.018798578530550003,0.42344531416893005
GOOGL,2017Q4,3,0.8990486264228821,0.013207913376390934,0.08774345368146896
GOOGL,2017Q4,4,0.7522764801979065,0.007751787081360817,0.23997169733047485
GOOGL,2017Q4,5,0.2595200836658478,0.012331814505159855,0.7281480431556702
GOOGL,2017Q4,6,0.6514654755592346,0.009891721419990063,0.3386428654193878
GOOGL,2017Q4,7,0.7016343474388123,0.008930830284953117,0.28943485021591187
GOOGL,2017Q4,8,0.6675201058387756,0.009889548644423485,0.3225903809070587
GOOGL,2017Q4,9,0.6587211489677429,0.011827909387648106,0.3294509947299957
GOOGL,2017Q4,10,0.7921995520591736,0.008866047486662865,0.1989343911409378
GOOGL,2017Q4,11,0.862716555595398,0.008704660460352898,0.12857872247695923
GOOGL,2017Q4,12,0.7116225957870483,0.010850198566913605,0.27752721309661865
GOOGL,2017Q4,13,0.25939998030662537,0.01192834135144949,0.7286717295646667
GOOGL,2017Q4,14,0.20157365500926971,0.010994870215654373,0.7874314188957214
GOOGL,2017Q4,15,0.2807665169239044,0.009977907873690128,0.709255576133728
GOOGL,2017Q4,16,0.8764327764511108,0.008790519088506699,0.11477672308683395
GOOGL,2017Q4,17,0.12216927111148834,0.33190762996673584,0.545923113822937
GOOGL,2018Q1,1,0.9555262327194214,0.016283906996250153,0.028189852833747864
GOOGL,2018Q1,2,0.8191807270050049,0.056111473590135574,0.12470781803131104
GOOGL,2018Q1,3,0.9537959694862366,0.014378324151039124,0.03182566910982132
GOOGL,2018Q1,4,0.908348560333252,0.008269688114523888,0.08338173478841782
GOOGL,2018Q1,5,0.6557819843292236,0.020213816314935684,0.324004203081131
GOOGL,2018Q1,6,0.8182292580604553,0.00916128046810627,0.17260949313640594
GOOGL,2018Q1,7,0.9232658743858337,0.008714794181287289,0.06801936775445938
GOOGL,2018Q1,8,0.56955486536026,0.010154488496482372,0.42029061913490295
GOOGL,2018Q1,9,0.6254788041114807,0.010371643118560314,0.3641496002674103
GOOGL,2018Q1,10,0.13497717678546906,0.015825917944312096,0.8491969108581543
GOOGL,2018Q1,11,0.8379627466201782,0.11752044409513474,0.04451679065823555
GOOGL,2018Q1,12,0.2563263177871704,0.00800221599638462,0.7356714606285095
GOOGL,2018Q1,13,0.09800580143928528,0.02789727784693241,0.8740969300270081
GOOGL,2018Q1,14,0.7786564826965332,0.010452203452587128,0.21089133620262146
GOOGL,2018Q1,15,0.26966336369514465,0.00900428555905819,0.7213323712348938
GOOGL,2018Q1,16,0.2152838110923767,0.012263252399861813,0.7724529504776001
GOOGL,2018Q1,17,0.07811743021011353,0.020078202709555626,0.9018043875694275
GOOGL,2018Q1,18,0.1653989851474762,0.010180963203310966,0.8244200944900513
GOOGL,2018Q2,1,0.9559407830238342,0.013582718558609486,0.030476445332169533
GOOGL,2018Q2,2,0.08308583498001099,0.8671097755432129,0.04980441927909851
GOOGL,2018Q2,3,0.9570948481559753,0.018010346218943596,0.024894841015338898
GOOGL,2018Q2,4,0.9411755204200745,0.01918799988925457,0.03963647782802582
GOOGL,2018Q2,5,0.3318690359592438,0.05658961459994316,0.6115413308143616
GOOGL,2018Q2,6,0.5885235667228699,0.010820669122040272,0.4006557762622833
GOOGL,2018Q2,7,0.19958092272281647,0.009675282984972,0.7907438278198242
GOOGL,2018Q2,8,0.03938679024577141,0.6141791939735413,0.34643399715423584
GOOGL,2018Q2,9,0.9206146001815796,0.008788487873971462,0.07059700787067413
GOOGL,2018Q2,10,0.0427955724298954,0.08327672630548477,0.873927652835846
GOOGL,2018Q2,11,0.2031896561384201,0.013314143754541874,0.7834961414337158
GOOGL,2018Q2,12,0.24130472540855408,0.009519541636109352,0.7491757273674011
GOOGL,2018Q2,13,0.21360184252262115,0.012755843810737133,0.7736423015594482
GOOGL,2018Q2,14,0.16307535767555237,0.009984253905713558,0.8269403576850891
GOOGL,2018Q2,15,0.29329127073287964,0.011377430520951748,0.6953312754631042
GOOGL,2018Q2,16,0.13470706343650818,0.012319302186369896,0.8529735803604126
GOOGL,2018Q2,17,0.9356756210327148,0.010321812704205513,0.05400256812572479
GOOGL,2018Q3,1,0.9572462439537048,0.015382270328700542,0.02737155184149742
GOOGL,2018Q3,2,0.6467801332473755,0.30253663659095764,0.05068317800760269
GOOGL,2018Q3,3,0.954887330532074,0.015868933871388435,0.029243744909763336
GOOGL,2018Q3,4,0.8495286703109741,0.00725471181795001,0.14321663975715637
GOOGL,2018Q3,5,0.8708879947662354,0.007051995489746332,0.12206000834703445
GOOGL,2018Q3,6,0.20233863592147827,0.011913901194930077,0.7857474684715271
GOOGL,2018Q3,7,0.14572490751743317,0.009526312351226807,0.8447487950325012
GOOGL,2018Q3,8,0.21372787654399872,0.008834687992930412,0.7774373888969421
GOOGL,2018Q3,9,0.8189027309417725,0.007639475632458925,0.17345771193504333
GOOGL,2018Q3,10,0.7746307849884033,0.008749325759708881,0.2166198492050171
GOOGL,2018Q3,11,0.5757331252098083,0.012793769128620625,0.4114730656147003
GOOGL,2018Q3,12,0.7094366550445557,0.009089954197406769,0.28147339820861816
GOOGL,2018Q3,13,0.5627214312553406,0.009528673253953457,0.4277498424053192
GOOGL,2018Q3,14,0.6978989243507385,0.01064225472509861,0.2914588153362274
GOOGL,2018Q3,15,0.3963859975337982,0.014718395657837391,0.5888955593109131
GOOGL,2018Q3,16,0.20523791015148163,0.010875161737203598,0.7838869690895081
GOOGL,2018Q3,17,0.8741129040718079,0.007315043359994888,0.11857207864522934
GOOGL,2018Q3,18,0.04220835492014885,0.7185218930244446,0.23926976323127747
GOOGL,2018Q3,19,0.5310524106025696,0.009631871245801449,0.459315687417984
GOOGL,2018Q4,1,0.9003526568412781,0.009952308610081673,0.08969506621360779
GOOGL,2018Q4,2,0.7512893676757812,0.17638587951660156,0.07232469320297241
GOOGL,2018Q4,3,0.2519727349281311,0.7093919515609741,0.038635265082120895
GOOGL,2018Q4,4,0.6731283664703369,0.2812425494194031,0.04562907665967941
GOOGL,2018Q4,5,0.17167820036411285,0.010895504616200924,0.817426323890686
GOOGL,2018Q4,6,0.6565651893615723,0.009768291376531124,0.33366644382476807
GOOGL,2018Q4,7,0.7352797389030457,0.00849546305835247,0.2562248706817627
GOOGL,2018Q4,8,0.5635005831718445,0.011383084580302238,0.4251163601875305
GOOGL,2018Q4,9,0.9098787307739258,0.009230541065335274,0.0808907151222229
GOOGL,2018Q4,10,0.20026500523090363,0.010800635442137718,0.7889343500137329
GOOGL,2018Q4,11,0.3335801959037781,0.010197124443948269,0.6562227010726929
GOOGL,2018Q4,12,0.15558500587940216,0.012006350792944431,0.832408607006073
GOOGL,2018Q4,13,0.5514958500862122,0.012106387875974178,0.4363977313041687
GOOGL,2018Q4,14,0.6031023859977722,0.00863454770296812,0.388263076543808
GOOGL,2018Q4,15,0.8789914846420288,0.00912418868392706,0.11188428103923798
GOOGL,2018Q4,16,0.190754234790802,0.01173743512481451,0.7975082993507385
GOOGL,2018Q4,17,0.5939064025878906,0.027498207986354828,0.37859541177749634
GOOGL,2018Q4,18,0.546254575252533,0.010903882794082165,0.4428415298461914
GOOGL,2019Q1,1,0.9560104012489319,0.016447583213448524,0.02754203975200653
GOOGL,2019Q1,2,0.5982277393341064,0.037676405161619186,0.36409586668014526
GOOGL,2019Q1,3,0.010426659137010574,0.9729120135307312,0.016661403700709343
GOOGL,2019Q1,4,0.6793069839477539,0.009459122084081173,0.3112338185310364
GOOGL,2019Q1,5,0.3437573313713074,0.02606460079550743,0.6301780939102173
GOOGL,2019Q1,6,0.8206056356430054,0.008346578106284142,0.17104771733283997
GOOGL,2019Q1,7,0.18620334565639496,0.013440278358757496,0.800356388092041
GOOGL,2019Q1,8,0.1368989646434784,0.012733586132526398,0.8503674864768982
GOOGL,2019Q1,9,0.3242262005805969,0.009240997023880482,0.6665328145027161
GOOGL,2019Q1,10,0.9141528010368347,0.010298458859324455,0.07554873079061508
GOOGL,2019Q1,11,0.7506344318389893,0.009055527858436108,0.24031001329421997
GOOGL,2019Q1,12,0.43044206500053406,0.012035656720399857,0.5575222969055176
GOOGL,2019Q1,13,0.10581980645656586,0.014255380257964134,0.8799247741699219
GOOGL,2019Q2,1,0.9140989184379578,0.010934129357337952,0.07496693730354309
GOOGL,2019Q2,2,0.9479036331176758,0.030422579497098923,0.021673759445548058
GOOGL,2019Q2,3,0.8613398671150208,0.04749809578061104,0.0911620631814003
GOOGL,2019Q2,4,0.04874924570322037,0.9047267436981201,0.04652409255504608
GOOGL,2019Q2,5,0.8469613790512085,0.025216860696673393,0.12782169878482819
GOOGL,2019Q2,6,0.23493759334087372,0.010135723277926445,0.7549266815185547
GOOGL,2019Q2,7,0.560020923614502,0.009836179204285145,0.430142879486084
GOOGL,2019Q2,8,0.8484636545181274,0.007374448236078024,0.1441618949174881
GOOGL,2019Q2,9,0.14479151368141174,0.008591288700699806,0.8466171622276306
GOOGL,2019Q2,10,0.08290038257837296,0.03907419368624687,0.878025472164154
GOOGL,2019Q2,11,0.8987007737159729,0.04649665206670761,0.05480256676673889
GOOGL,2019Q2,12,0.13123269379138947,0.7375256419181824,0.13124164938926697
GOOGL,2019Q2,13,0.30076730251312256,0.011562776751816273,0.6876698732376099
GOOGL,2019Q2,14,0.10650533437728882,0.015634877607226372,0.8778598308563232
GOOGL,2019Q2,15,0.42562106251716614,0.01137636974453926,0.5630025267601013
GOOGL,2019Q2,16,0.7985644340515137,0.008639894425868988,0.19279563426971436
GOOGL,2019Q2,17,0.29252421855926514,0.011879531666636467,0.6955962181091309
GOOGL,2019Q3,1,0.18621830642223358,0.012168768793344498,0.8016129732131958
GOOGL,2019Q3,2,0.23476524651050568,0.009206835180521011,0.75602787733078
GOOGL,2019Q3,3,0.5952712297439575,0.010704882442951202,0.3940238952636719
GOOGL,2019Q3,4,0.3688921332359314,0.009896687231957912,0.6212111711502075
GOOGL,2019Q3,5,0.7009716629981995,0.011154434643685818,0.28787386417388916
GOOGL,2019Q3,6,0.015652822330594063,0.9472392797470093,0.0371079184114933
GOOGL,2019Q3,7,0.943533182144165,0.010423312894999981,0.04604356735944748
GOOGL,2019Q3,8,0.9555028676986694,0.02042483538389206,0.024072270840406418
GOOGL,2019Q3,9,0.05490001663565636,0.011126052588224411,0.9339739084243774
GOOGL,2019Q3,10,0.14878541231155396,0.009642799384891987,0.8415718674659729
GOOGL,2019Q3,11,0.9278799295425415,0.011437982320785522,0.06068214029073715
GOOGL,2019Q3,12,0.7752541899681091,0.008856656961143017,0.21588915586471558
GOOGL,2019Q3,13,0.16774146258831024,0.01928740181028843,0.8129711151123047
GOOGL,2019Q3,14,0.43637800216674805,0.010555325075984001,0.553066611289978
GOOGL,2019Q3,15,0.25855907797813416,0.012368123978376389,0.7290728092193604
GOOGL,2019Q3,16,0.3179982304573059,0.014756833203136921,0.6672449707984924
GOOGL,2019Q3,17,0.3005411922931671,0.008434952236711979,0.6910238265991211
GOOGL,2019Q4,1,0.4461439847946167,0.013444177806377411,0.5404118895530701
GOOGL,2019Q4,2,0.6325042843818665,0.012292488478124142,0.35520315170288086
GOOGL,2019Q4,3,0.6661129593849182,0.009459513239562511,0.3244275152683258
GOOGL,2019Q4,4,0.18578672409057617,0.009645598940551281,0.8045676350593567
GOOGL,2019Q4,5,0.9119707345962524,0.011662914417684078,0.0763663500547409
GOOGL,2019Q4,6,0.26122114062309265,0.18691375851631165,0.5518651008605957
GOOGL,2019Q4,7,0.9265842437744141,0.050069041550159454,0.023346703499555588
GOOGL,2019Q4,8,0.9381739497184753,0.010979498736560345,0.05084659159183502
GOOGL,2019Q4,9,0.1696421205997467,0.010918508283793926,0.8194393515586853
GOOGL,2019Q4,10,0.5436612963676453,0.0122504448518157,0.44408825039863586
GOOGL,2019Q4,11,0.11230827867984772,0.015587395057082176,0.8721043467521667
GOOGL,2019Q4,12,0.8605198860168457,0.009171742014586926,0.13030831515789032
GOOGL,2019Q4,13,0.2516865134239197,0.501425564289093,0.24688789248466492
GOOGL,2019Q4,14,0.502023458480835,0.010691856034100056,0.4872846305370331
GOOGL,2019Q4,15,0.39800921082496643,0.01009475626051426,0.5918960571289062
GOOGL,2019Q4,16,0.23000794649124146,0.06649567931890488,0.7034963965415955
GOOGL,2020Q1,1,0.45541277527809143,0.011423655785620213,0.5331635475158691
GOOGL,2020Q1,2,0.3084571957588196,0.007628594990819693,0.6839141845703125
GOOGL,2020Q1,3,0.8952817916870117,0.010622236877679825,0.09409596771001816
GOOGL,2020Q1,4,0.8370888233184814,0.007605043705552816,0.1553061306476593
GOOGL,2020Q1,5,0.9519308805465698,0.014797765761613846,0.03327130898833275
GOOGL,2020Q1,6,0.03534378111362457,0.1437496691942215,0.8209065198898315
GOOGL,2020Q1,7,0.01723775640130043,0.9651157855987549,0.017646528780460358
GOOGL,2020Q1,8,0.9117401838302612,0.008376114070415497,0.07988360524177551
GOOGL,2020Q1,9,0.880808413028717,0.006744046229869127,0.11244748532772064
GOOGL,2020Q1,10,0.5184201002120972,0.009690217673778534,0.4718897044658661
GOOGL,2020Q1,11,0.5363137125968933,0.009598995558917522,0.4540873169898987
GOOGL,2020Q1,12,0.30557185411453247,0.013020218349993229,0.6814079284667969
GOOGL,2020Q1,13,0.17089639604091644,0.012116833589971066,0.8169867992401123
GOOGL,2020Q1,14,0.2788113057613373,0.010408268310129642,0.7107804417610168
GOOGL,2020Q1,15,0.3152771294116974,0.008535398170351982,0.6761873960494995
GOOGL,2020Q1,16,0.11320962756872177,0.015779683366417885,0.8710106611251831
GOOGL,2020Q2,1,0.13825808465480804,0.041069623082876205,0.820672333240509
GOOGL,2020Q2,2,0.3380040228366852,0.010118339210748672,0.6518776416778564
GOOGL,2020Q2,3,0.2114606350660324,0.016751550137996674,0.7717878222465515
GOOGL,2020Q2,4,0.5004811882972717,0.013803557492792606,0.48571524024009705
GOOGL,2020Q2,5,0.10317561030387878,0.057179104536771774,0.839645266532898
GOOGL,2020Q2,6,0.31386256217956543,0.012402106076478958,0.6737352609634399
GOOGL,2020Q2,7,0.0316137857735157,0.09343928843736649,0.8749469518661499
GOOGL,2020Q2,8,0.9356445074081421,0.010472455993294716,0.053883008658885956
GOOGL,2020Q2,9,0.8306906223297119,0.007620240096002817,0.16168907284736633
GOOGL,2020Q2,10,0.9176564812660217,0.011978807859122753,0.07036475092172623
GOOGL,2020Q2,11,0.08012265712022781,0.5932695865631104,0.32660770416259766
GOOGL,2020Q2,12,0.03570862114429474,0.05547702684998512,0.9088143110275269
GOOGL,2020Q2,13,0.09446290880441666,0.8660327792167664,0.03950430825352669
GOOGL,2020Q2,14,0.15931954979896545,0.009929865598678589,0.830750584602356
GOOGL,2020Q2,15,0.6983879804611206,0.008829536847770214,0.2927825152873993
GOOGL,2020Q2,16,0.578191876411438,0.01191072165966034,0.4098973870277405
GOOGL,2020Q2,17,0.2479913979768753,0.012148831970989704,0.7398598194122314
GOOGL,2020Q2,18,0.36823591589927673,0.02387036755681038,0.607893705368042
GOOGL,2020Q2,19,0.21533599495887756,0.011181680485606194,0.7734823822975159
GOOGL,2020Q3,1,0.7601962685585022,0.02319880947470665,0.21660485863685608
GOOGL,2020Q3,2,0.7756166458129883,0.008357816375792027,0.21602554619312286
GOOGL,2020Q3,3,0.7682739496231079,0.009278763085603714,0.2224472463130951
GOOGL,2020Q3,4,0.9025529026985168,0.01072576455771923,0.08672132343053818
GOOGL,2020Q3,5,0.8493483066558838,0.007085357327014208,0.14356629550457
GOOGL,2020Q3,6,0.9110604524612427,0.05909859761595726,0.02984093502163887
GOOGL,2020Q3,7,0.028500718995928764,0.9461180567741394,0.02538127265870571
GOOGL,2020Q3,8,0.8742667436599731,0.09542366117238998,0.030309589579701424
GOOGL,2020Q3,9,0.13692109286785126,0.8138228058815002,0.0492560900747776
GOOGL,2020Q3,10,0.8306308388710022,0.008443464525043964,0.1609257310628891
GOOGL,2020Q3,11,0.9462121725082397,0.015114025212824345,0.03867380693554878
GOOGL,2020Q3,12,0.31589266657829285,0.019171984866261482,0.6649354100227356
GOOGL,2020Q3,13,0.17629393935203552,0.008915342390537262,0.8147907257080078
GOOGL,2020Q3,14,0.234047532081604,0.010305737145245075,0.7556467056274414
GOOGL,2020Q3,15,0.10011771321296692,0.013122801668941975,0.8867594599723816
GOOGL,2020Q3,16,0.48302268981933594,0.0189391877502203,0.4980381429195404
INTC,2016Q1,1,0.8537948727607727,0.007745141163468361,0.1384599804878235
INTC,2016Q1,2,0.8493407964706421,0.09014129638671875,0.06051794812083244
INTC,2016Q1,3,0.015714876353740692,0.9656297564506531,0.018655383959412575
INTC,2016Q1,4,0.4790675640106201,0.3555071949958801,0.16542527079582214
INTC,2016Q1,5,0.750725269317627,0.0829009935259819,0.16637375950813293
INTC,2016Q1,6,0.022808073088526726,0.851760745048523,0.12543123960494995
INTC,2016Q1,7,0.2616004943847656,0.010824380442500114,0.7275751233100891
INTC,2016Q1,8,0.24358892440795898,0.015940247103571892,0.740470826625824
INTC,2016Q1,9,0.0801701620221138,0.022470718249678612,0.8973590731620789
INTC,2016Q1,10,0.17003154754638672,0.5221131443977356,0.3078553378582001
INTC,2016Q1,11,0.0944659486413002,0.15040971338748932,0.7551243305206299
INTC,2016Q1,12,0.17989718914031982,0.16426144540309906,0.6558413505554199
INTC,2016Q1,13,0.2897278368473053,0.09289653599262238,0.6173755526542664
INTC,2016Q1,14,0.04707558453083038,0.6133405566215515,0.3395838439464569
INTC,2016Q1,15,0.034389302134513855,0.03203881159424782,0.9335718750953674
INTC,2016Q2,1,0.0745222344994545,0.853385329246521,0.07209241390228271
INTC,2016Q2,2,0.7120887637138367,0.16440071165561676,0.12351051717996597
INTC,2016Q2,3,0.21819612383842468,0.7599675059318542,0.02183631621301174
INTC,2016Q2,4,0.008985014632344246,0.9646172523498535,0.026397770270705223
INTC,2016Q2,5,0.011125671677291393,0.9679412841796875,0.020932983607053757
INTC,2016Q2,6,0.05593842640519142,0.033854421228170395,0.9102070927619934
INTC,2016Q2,7,0.01010000891983509,0.9654703736305237,0.02442966215312481
INTC,2016Q2,8,0.6904796957969666,0.012987714260816574,0.29653263092041016
INTC,2016Q2,9,0.4261988401412964,0.06020290404558182,0.5135982036590576
INTC,2016Q2,10,0.6509691476821899,0.05308030545711517,0.2959505319595337
INTC,2016Q2,11,0.8403623700141907,0.029306361451745033,0.13033123314380646
INTC,2016Q2,12,0.16233807802200317,0.04213612154126167,0.7955257892608643
INTC,2016Q2,13,0.9159736037254333,0.04174383729696274,0.04228254780173302
INTC,2016Q2,14,0.09490132331848145,0.015324427746236324,0.8897742033004761
INTC,2016Q2,15,0.1583622395992279,0.01765860989689827,0.8239791393280029
INTC,2016Q2,16,0.05840585380792618,0.016661962494254112,0.9249322414398193
INTC,2016Q2,17,0.5330297946929932,0.016527924686670303,0.45044219493865967
INTC,2016Q2,18,0.04824298992753029,0.028327589854598045,0.9234293699264526
INTC,2016Q3,1,0.7581979632377625,0.012327993288636208,0.22947408258914948
INTC,2016Q3,2,0.8884150981903076,0.00655156746506691,0.10503335297107697
INTC,2016Q3,3,0.8813081979751587,0.007344900164753199,0.11134696751832962
INTC,2016Q3,4,0.07932691276073456,0.9037516117095947,0.016921458765864372
INTC,2016Q3,5,0.028545180335640907,0.933002233505249,0.03845265507698059
INTC,2016Q3,6,0.08437014371156693,0.6365092992782593,0.279120534658432
INTC,2016Q3,7,0.3023129999637604,0.6437734961509705,0.05391351878643036
INTC,2016Q3,8,0.8434553742408752,0.02541269175708294,0.13113194704055786
INTC,2016Q3,9,0.7813610434532166,0.027170157060027122,0.1914687305688858
INTC,2016Q3,10,0.11670327931642532,0.7134755849838257,0.1698211133480072
INTC,2016Q3,11,0.09460821747779846,0.8007099628448486,0.10468178987503052
INTC,2016Q3,12,0.08797258138656616,0.07807847112417221,0.8339489102363586
INTC,2016Q3,13,0.10368811339139938,0.043435778468847275,0.8528761267662048
INTC,2016Q3,14,0.03279595077037811,0.9369179606437683,0.03028596006333828
INTC,2016Q3,15,0.028047552332282066,0.03834858536720276,0.933603823184967
INTC,2016Q3,16,0.2707178592681885,0.014574674889445305,0.7147074937820435
INTC,2016Q4,1,0.7397576570510864,0.010982347652316093,0.24925996363162994
INTC,2016Q4,2,0.9230188131332397,0.011586692184209824,0.06539443135261536
INTC,2016Q4,3,0.7782046794891357,0.012134982272982597,0.2096603959798813
INTC,2016Q4,4,0.21274560689926147,0.020709525793790817,0.7665448188781738
INTC,2016Q4,5,0.07599353045225143,0.017413711175322533,0.9065927863121033
INTC,2016Q4,6,0.05605959892272949,0.061596136540174484,0.8823443055152893
INTC,2016Q4,7,0.08630583435297012,0.7547469139099121,0.15894731879234314
INTC,2016Q4,8,0.1607404202222824,0.009907661005854607,0.8293519616127014
INTC,2016Q4,9,0.3021581172943115,0.011383656412363052,0.6864582300186157
INTC,2016Q4,10,0.1100049540400505,0.016809972003102303,0.8731850981712341
INTC,2017Q1,1,0.8885977268218994,0.011398673057556152,0.10000352561473846
INTC,2017Q1,2,0.890271008014679,0.007947023957967758,0.10178197920322418
INTC,2017Q1,3,0.8526723980903625,0.008550048805773258,0.13877756893634796
INTC,2017Q1,4,0.9566192030906677,0.014054928906261921,0.029325855895876884
INTC,2017Q1,5,0.02133478783071041,0.8827036023139954,0.09596163034439087
INTC,2017Q1,6,0.9522305130958557,0.015507754869759083,0.03226179629564285
INTC,2017Q1,7,0.7078859806060791,0.020939499139785767,0.27117452025413513
INTC,2017Q1,8,0.34016525745391846,0.01374526135623455,0.646089494228363
INTC,2017Q1,9,0.42933470010757446,0.03491140902042389,0.5357538461685181
INTC,2017Q1,10,0.09935947507619858,0.012826928868889809,0.8878136277198792
INTC,2017Q1,11,0.4518800377845764,0.011098111048340797,0.537021815776825
INTC,2017Q1,12,0.5989264249801636,0.009165334515273571,0.3919082581996918
INTC,2017Q1,13,0.3661699593067169,0.011368272826075554,0.62246173620224
INTC,2017Q1,14,0.7595087885856628,0.009104512631893158,0.23138678073883057
INTC,2017Q1,15,0.3367721140384674,0.011827285401523113,0.651400625705719
INTC,2017Q1,16,0.27984628081321716,0.017593706026673317,0.7025599479675293
INTC,2017Q1,17,0.3477884829044342,0.5138736367225647,0.13833792507648468
INTC,2017Q1,18,0.6145631670951843,0.010863352566957474,0.3745734393596649
INTC,2017Q1,19,0.4095776081085205,0.020801108330488205,0.5696213245391846
INTC,2017Q2,1,0.9506771564483643,0.013303606770932674,0.03601915016770363
INTC,2017Q2,2,0.8755601048469543,0.10314245522022247,0.02129753679037094
INTC,2017Q2,3,0.8019230961799622,0.0081808315590024,0.18989606201648712
INTC,2017Q2,4,0.9563257098197937,0.01595008186995983,0.027724197134375572
INTC,2017Q2,5,0.8884062170982361,0.009617979638278484,0.10197575390338898
INTC,2017Q2,6,0.2933574616909027,0.6776769161224365,0.028965668752789497
INTC,2017Q2,7,0.07020964473485947,0.8879385590553284,0.04185180738568306
INTC,2017Q2,8,0.8284235596656799,0.016811195760965347,0.15476523339748383
INTC,2017Q2,9,0.2039574682712555,0.014333457686007023,0.7817091345787048
INTC,2017Q2,10,0.7178686261177063,0.017506418749690056,0.26462501287460327
INTC,2017Q2,11,0.8525668382644653,0.09566488116979599,0.05176825076341629
INTC,2017Q2,12,0.33200883865356445,0.011623812839388847,0.656367301940918
INTC,2017Q2,13,0.8195199370384216,0.03452306613326073,0.14595697820186615
INTC,2017Q2,14,0.11560560762882233,0.8463160991668701,0.03807837516069412
INTC,2017Q3,1,0.956940233707428,0.01697828248143196,0.026081454008817673
INTC,2017Q3,2,0.8555217385292053,0.010143288411200047,0.13433492183685303
INTC,2017Q3,3,0.7967209815979004,0.009726112708449364,0.19355297088623047
INTC,2017Q3,4,0.8558546304702759,0.007416265085339546,0.13672909140586853
INTC,2017Q3,5,0.7544844150543213,0.008254123851656914,0.23726145923137665
INTC,2017Q3,6,0.2713945806026459,0.7013740539550781,0.02723134122788906
INTC,2017Q3,7,0.11685360223054886,0.012569302693009377,0.8705771565437317
INTC,2017Q3,8,0.9468814134597778,0.014710087329149246,0.03840840980410576
INTC,2017Q3,9,0.7441531419754028,0.02826591208577156,0.22758086025714874
INTC,2017Q3,10,0.13067053258419037,0.6129171848297119,0.2564122676849365
INTC,2017Q3,11,0.8981063365936279,0.013213531114161015,0.08868012577295303
INTC,2017Q3,12,0.17095209658145905,0.013065895065665245,0.8159820437431335
INTC,2017Q3,13,0.7706485390663147,0.01613233983516693,0.21321910619735718
INTC,2017Q3,14,0.25665634870529175,0.041592709720134735,0.7017508745193481
INTC,2017Q3,15,0.846276581287384,0.02375200390815735,0.129971444606781
INTC,2017Q3,16,0.1415254920721054,0.02840930037200451,0.8300651907920837
INTC,2017Q4,1,0.9546920657157898,0.015211689285933971,0.030096204951405525
INTC,2017Q4,2,0.9494264721870422,0.015520000830292702,0.035053551197052
INTC,2017Q4,3,0.9235314726829529,0.008605415001511574,0.06786312162876129
INTC,2017Q4,4,0.21861137449741364,0.010196726769208908,0.7711919546127319
INTC,2017Q4,5,0.9459372162818909,0.012185485102236271,0.041877374053001404
INTC,2017Q4,6,0.033975131809711456,0.9448144435882568,0.02121039666235447
INTC,2017Q4,7,0.9030890464782715,0.07760714739561081,0.01930384896695614
INTC,2017Q4,8,0.948390007019043,0.023310430347919464,0.028299573808908463
INTC,2017Q4,9,0.08995909243822098,0.011864211410284042,0.8981767296791077
INTC,2017Q4,10,0.3913525342941284,0.01698887161910534,0.5916585922241211
INTC,2017Q4,11,0.9460753798484802,0.01823926903307438,0.035685308277606964
INTC,2017Q4,12,0.6863742470741272,0.18624334037303925,0.12738244235515594
INTC,2017Q4,13,0.8674823641777039,0.012425659224390984,0.12009195238351822
INTC,2017Q4,14,0.6312141418457031,0.016652241349220276,0.3521336317062378
INTC,2017Q4,15,0.17324654757976532,0.5310448408126831,0.295708566904068
INTC,2017Q4,16,0.5054590106010437,0.05352850258350372,0.44101250171661377
INTC,2017Q4,17,0.042431507259607315,0.029942987486720085,0.9276254773139954
INTC,2018Q1,1,0.4492585361003876,0.0200801994651556,0.5306612849235535
INTC,2018Q1,2,0.9246999621391296,0.009691382758319378,0.0656086653470993
INTC,2018Q1,3,0.9341602921485901,0.00972320232540369,0.056116487830877304
INTC,2018Q1,4,0.46367964148521423,0.00869516097009182,0.5276251435279846
INTC,2018Q1,5,0.5052033066749573,0.011860938742756844,0.48293575644493103
INTC,2018Q1,6,0.8769528269767761,0.101639524102211,0.02140764147043228
INTC,2018Q1,7,0.951687216758728,0.012941124849021435,0.03537168353796005
INTC,2018Q1,8,0.9587820768356323,0.017869751900434494,0.023348141461610794
INTC,2018Q1,9,0.011423246003687382,0.9701184034347534,0.018458303064107895
INTC,2018Q1,10,0.3810204863548279,0.028231749311089516,0.5907477736473083
INTC,2018Q1,11,0.5057633519172668,0.019997604191303253,0.4742390215396881
INTC,2018Q1,12,0.658519446849823,0.011475355364382267,0.3300051689147949
INTC,2018Q1,13,0.8616564273834229,0.0601704977452755,0.07817310094833374
INTC,2018Q1,14,0.6790984272956848,0.011915762908756733,0.30898579955101013
INTC,2018Q1,15,0.18458101153373718,0.01439075917005539,0.8010282516479492
INTC,2018Q1,16,0.4960540235042572,0.02193133905529976,0.48201459646224976
INTC,2018Q1,17,0.07003512978553772,0.0285347867757082,0.901430070400238
INTC,2018Q2,1,0.9568173289299011,0.015701793134212494,0.027480872347950935
INTC,2018Q2,2,0.9485470652580261,0.01236193347722292,0.03909105435013771
INTC,2018Q2,3,0.799271821975708,0.014534459449350834,0.18619365990161896
INTC,2018Q2,4,0.9523540735244751,0.01620187982916832,0.03144405409693718
INTC,2018Q2,5,0.009710079990327358,0.966152548789978,0.02413727343082428
INTC,2018Q2,6,0.9445663690567017,0.010985767468810081,0.04444776475429535
INTC,2018Q2,7,0.9560872316360474,0.01872793771326542,0.02518477477133274
INTC,2018Q2,8,0.15680041909217834,0.014719621278345585,0.8284799456596375
INTC,2018Q2,9,0.890351414680481,0.012013325467705727,0.09763520956039429
INTC,2018Q2,10,0.9344220757484436,0.030328921973705292,0.035249076783657074
INTC,2018Q2,11,0.1355629861354828,0.017572784796357155,0.8468642830848694
INTC,2018Q2,12,0.06310465931892395,0.04158388078212738,0.8953114151954651
INTC,2018Q2,13,0.1792864054441452,0.04348922520875931,0.7772243618965149
INTC,2018Q2,14,0.020679615437984467,0.93621426820755,0.043106142431497574
INTC,2018Q2,15,0.05857088044285774,0.034744828939437866,0.9066843390464783
INTC,2018Q2,16,0.03678002581000328,0.057416509836912155,0.9058035016059875
INTC,2018Q2,17,0.24390678107738495,0.01374476682394743,0.7423484325408936
INTC,2018Q3,1,0.8335027694702148,0.011495626531541348,0.15500158071517944
INTC,2018Q3,2,0.9038839340209961,0.008923553861677647,0.08719246834516525
INTC,2018Q3,3,0.9564093351364136,0.015712492167949677,0.027878152206540108
INTC,2018Q3,4,0.9274072051048279,0.01020712312310934,0.06238556280732155
INTC,2018Q3,5,0.9519323706626892,0.013045229949057102,0.035022441297769547
INTC,2018Q3,6,0.9397020936012268,0.02355094999074936,0.036747001111507416
INTC,2018Q3,7,0.8410635590553284,0.1377759426832199,0.021160472184419632
INTC,2018Q3,8,0.8344378471374512,0.007975704967975616,0.15758641064167023
INTC,2018Q3,9,0.8287549614906311,0.015706844627857208,0.15553821623325348
INTC,2018Q3,10,0.6185882091522217,0.010397087782621384,0.37101471424102783
INTC,2018Q3,11,0.8926134705543518,0.013945822604000568,0.0934406965970993
INTC,2018Q3,12,0.941307008266449,0.012213405221700668,0.046479515731334686
INTC,2018Q3,13,0.25889936089515686,0.010763711296021938,0.7303369641304016
INTC,2018Q4,1,0.9526478052139282,0.014339914545416832,0.03301229327917099
INTC,2018Q4,2,0.9386865496635437,0.011427490040659904,0.04988601431250572
INTC,2018Q4,3,0.4694034159183502,0.00867877621203661,0.5219178199768066
INTC,2018Q4,4,0.9486395716667175,0.016427263617515564,0.03493312746286392
INTC,2018Q4,5,0.9234025478363037,0.010898493230342865,0.06569896638393402
INTC,2018Q4,6,0.8856766819953918,0.007616828195750713,0.10670650750398636
INTC,2018Q4,7,0.08467002958059311,0.8970746397972107,0.018255332484841347
INTC,2018Q4,8,0.6567025184631348,0.00932112243026495,0.3339764177799225
INTC,2018Q4,9,0.953772783279419,0.0190341267734766,0.02719304896891117
INTC,2018Q4,10,0.18145214021205902,0.011613626964390278,0.8069342970848083
INTC,2018Q4,11,0.25550612807273865,0.06365428864955902,0.6808395981788635
INTC,2018Q4,12,0.8837542533874512,0.011380422860383987,0.10486527532339096
INTC,2018Q4,13,0.7358085513114929,0.019239744171500206,0.2449517697095871
INTC,2018Q4,14,0.8948650360107422,0.03795718401670456,0.06717779487371445
INTC,2019Q1,1,0.18534305691719055,0.010779333300888538,0.803877592086792
INTC,2019Q1,2,0.44186651706695557,0.009514479897916317,0.5486189723014832
INTC,2019Q1,3,0.7815513014793396,0.010056733153760433,0.2083919495344162
INTC,2019Q1,4,0.6751106381416321,0.008809292688965797,0.3160800635814667
INTC,2019Q1,5,0.9558051824569702,0.013956028036773205,0.0302387997508049
INTC,2019Q1,6,0.020277202129364014,0.9677186608314514,0.012004074640572071
INTC,2019Q1,7,0.27915963530540466,0.7000865340232849,0.0207537729293108
INTC,2019Q1,8,0.034648388624191284,0.9524598121643066,0.012891814112663269
INTC,2019Q1,9,0.19055920839309692,0.011558298952877522,0.7978824973106384
INTC,2019Q1,10,0.8608643412590027,0.010595290921628475,0.12854033708572388
INTC,2019Q1,11,0.26625004410743713,0.2885388433933258,0.4452110528945923
INTC,2019Q1,12,0.007972306571900845,0.9646528959274292,0.027374811470508575
INTC,2019Q1,13,0.01593623496592045,0.9625318050384521,0.021531937643885612
INTC,2019Q1,14,0.16414856910705566,0.009751534089446068,0.8260998725891113
INTC,2019Q1,15,0.5949674248695374,0.34944793581962585,0.05558463931083679
INTC,2019Q2,1,0.03398774191737175,0.9554131031036377,0.010599191300570965
INTC,2019Q2,2,0.8564396500587463,0.007696031127125025,0.1358642429113388
INTC,2019Q2,3,0.570517897605896,0.01020383182913065,0.4192782938480377
INTC,2019Q2,4,0.5955694317817688,0.26225000619888306,0.14218057692050934
INTC,2019Q2,5,0.9082730412483215,0.03809491544961929,0.05363203585147858
INTC,2019Q2,6,0.6360340714454651,0.022472143173217773,0.34149375557899475
INTC,2019Q2,7,0.11943939328193665,0.8491096496582031,0.031450871378183365
INTC,2019Q2,8,0.008877119980752468,0.9671670198440552,0.023955877870321274
INTC,2019Q2,9,0.09156586974859238,0.0943426564335823,0.8140914440155029
INTC,2019Q2,10,0.025725753977894783,0.905099093914032,0.06917503476142883
INTC,2019Q2,11,0.05993856117129326,0.01714407466351986,0.922917366027832
INTC,2019Q2,12,0.36397573351860046,0.010421606712043285,0.625602662563324
INTC,2019Q2,13,0.8768457770347595,0.00803273357450962,0.11512140929698944
INTC,2019Q2,14,0.25260552763938904,0.5996312499046326,0.14776325225830078
INTC,2019Q3,1,0.9213525056838989,0.010325559414923191,0.06832185387611389
INTC,2019Q3,2,0.8745917081832886,0.00970782432705164,0.11570047587156296
INTC,2019Q3,3,0.8712667226791382,0.007250684313476086,0.12148262560367584
INTC,2019Q3,4,0.7245886921882629,0.009739527478814125,0.26567184925079346
INTC,2019Q3,5,0.3772818148136139,0.0098450668156147,0.6128731369972229
INTC,2019Q3,6,0.9414302706718445,0.011609136126935482,0.046960584819316864
INTC,2019Q3,7,0.01164872944355011,0.9727069139480591,0.01564440317451954
INTC,2019Q3,8,0.024739248678088188,0.9649150967597961,0.010345617309212685
INTC,2019Q3,9,0.9484351277351379,0.032977599650621414,0.018587378785014153
INTC,2019Q3,10,0.011423763819038868,0.9594683647155762,0.029107820242643356
INTC,2019Q3,11,0.14773248136043549,0.040988191962242126,0.8112793564796448
INTC,2019Q3,12,0.891169011592865,0.011682583019137383,0.09714837372303009
INTC,2019Q3,13,0.4634001851081848,0.46561649441719055,0.07098334282636642
INTC,2019Q3,14,0.22574760019779205,0.034974075853824615,0.7392783164978027
INTC,2019Q3,15,0.28536278009414673,0.2785474359989166,0.43608981370925903
INTC,2019Q3,16,0.34009766578674316,0.16358841955661774,0.49631401896476746
INTC,2019Q3,17,0.5749637484550476,0.011584794148802757,0.4134514331817627
INTC,2019Q4,1,0.9230332374572754,0.010767430067062378,0.0661993995308876
INTC,2019Q4,2,0.7204331159591675,0.008181088604032993,0.2713858485221863
INTC,2019Q4,3,0.7397348284721375,0.01087705884128809,0.24938805401325226
INTC,2019Q4,4,0.8518386483192444,0.008271545171737671,0.13988983631134033
INTC,2019Q4,5,0.012327466160058975,0.9708629250526428,0.016809556633234024
INTC,2019Q4,6,0.9574200510978699,0.016116004437208176,0.02646399475634098
INTC,2019Q4,7,0.9347196817398071,0.04682960733771324,0.01845068857073784
INTC,2019Q4,8,0.9331428408622742,0.011821379885077477,0.05503571406006813
INTC,2019Q4,9,0.42744743824005127,0.06205820292234421,0.5104943513870239
INTC,2019Q4,10,0.3264073133468628,0.012186134234070778,0.6614065170288086
INTC,2019Q4,11,0.017771627753973007,0.946682870388031,0.03554552048444748
INTC,2019Q4,12,0.9035571217536926,0.022363081574440002,0.07407983392477036
INTC,2019Q4,13,0.7950865030288696,0.09533581882715225,0.10957767814397812
INTC,2019Q4,14,0.3540459871292114,0.0121079720556736,0.6338460445404053
INTC,2019Q4,15,0.22417676448822021,0.05010232329368591,0.7257208824157715
INTC,2020Q1,1,0.713885486125946,0.012655642814934254,0.2734588384628296
INTC,2020Q1,2,0.5854304432868958,0.009888648986816406,0.40468093752861023
INTC,2020Q1,3,0.86418217420578,0.007223724853247404,0.1285940259695053
INTC,2020Q1,4,0.5791836380958557,0.010488174855709076,0.4103281497955322
INTC,2020Q1,5,0.8558144569396973,0.010039539076387882,0.13414594531059265
INTC,2020Q1,6,0.9562875628471375,0.01621471717953682,0.027497760951519012
INTC,2020Q1,7,0.012381313368678093,0.973576545715332,0.01404214184731245
INTC,2020Q1,8,0.008490287698805332,0.972690224647522,0.01881955936551094
INTC,2020Q1,9,0.6182801723480225,0.013629399240016937,0.3680904507637024
INTC,2020Q1,10,0.9114671945571899,0.052182719111442566,0.03635013848543167
INTC,2020Q1,11,0.09804759174585342,0.013622056692838669,0.888330340385437
INTC,2020Q1,12,0.059028394520282745,0.8614129424095154,0.07955871522426605
INTC,2020Q1,13,0.661873459815979,0.026612143963575363,0.31151440739631653
INTC,2020Q1,14,0.8241833448410034,0.015823788940906525,0.15999287366867065
INTC,2020Q1,15,0.3485647439956665,0.015156215988099575,0.6362790465354919
INTC,2020Q1,16,0.10216553509235382,0.017103273421525955,0.8807312250137329
INTC,2020Q1,17,0.8540260791778564,0.009409314021468163,0.13656462728977203
INTC,2020Q2,1,0.914339542388916,0.012281829491257668,0.07337865233421326
INTC,2020Q2,2,0.3143671452999115,0.011777280829846859,0.6738556027412415
INTC,2020Q2,3,0.6681091785430908,0.015809249132871628,0.31608152389526367
INTC,2020Q2,4,0.9362087249755859,0.012222462333738804,0.05156876519322395
INTC,2020Q2,5,0.9220104813575745,0.009246819652616978,0.0687427744269371
INTC,2020Q2,6,0.933459460735321,0.016745753586292267,0.04979478940367699
INTC,2020Q2,7,0.9608495831489563,0.02037494257092476,0.018775438889861107
INTC,2020Q2,8,0.01601334474980831,0.9631129503250122,0.02087371051311493
INTC,2020Q2,9,0.7668018341064453,0.023192482069134712,0.21000565588474274
INTC,2020Q2,10,0.2180585265159607,0.01657814532518387,0.7653632760047913
INTC,2020Q2,11,0.22302065789699554,0.011248664930462837,0.7657306790351868
INTC,2020Q2,12,0.44310033321380615,0.010784164071083069,0.5461154580116272
INTC,2020Q2,13,0.9199151992797852,0.027639741078019142,0.05244509503245354
INTC,2020Q2,14,0.9137874245643616,0.055256545543670654,0.03095601312816143
INTC,2020Q2,15,0.07914417237043381,0.8639663457870483,0.056889407336711884
INTC,2020Q2,16,0.276941180229187,0.06598757952451706,0.6570712327957153
INTC,2020Q2,17,0.4219720661640167,0.008778886869549751,0.5692490935325623
INTC,2020Q3,1,0.9321982860565186,0.013859199360013008,0.053942594677209854
INTC,2020Q3,2,0.6430450081825256,0.009866923093795776,0.3470880687236786
INTC,2020Q3,3,0.9468204975128174,0.013647625222802162,0.03953182324767113
INTC,2020Q3,4,0.7294583320617676,0.02347053587436676,0.24707113206386566
INTC,2020Q3,5,0.8876937031745911,0.007509091403335333,0.10479714721441269
INTC,2020Q3,6,0.808767557144165,0.1659926325082779,0.02523987554013729
INTC,2020Q3,7,0.9504814147949219,0.03248182311654091,0.01703672483563423
INTC,2020Q3,8,0.19478145241737366,0.7760788202285767,0.029139723628759384
INTC,2020Q3,9,0.2039581686258316,0.7779332399368286,0.018108675256371498
INTC,2020Q3,10,0.2300601750612259,0.027156375348567963,0.7427834272384644
INTC,2020Q3,11,0.09981699287891388,0.013021998107433319,0.8871610164642334
INTC,2020Q3,12,0.47062721848487854,0.02413097955286503,0.5052418112754822
INTC,2020Q3,13,0.10669790953397751,0.012797468341886997,0.8805046081542969
INTC,2020Q3,14,0.3597663342952728,0.38689863681793213,0.25333505868911743
INTC,2020Q3,15,0.6282926201820374,0.010773587971925735,0.360933780670166
INTC,2020Q3,16,0.2243882566690445,0.011005602777004242,0.7646061778068542
MSFT,2016Q1,1,0.950442373752594,0.01631326414644718,0.03324436396360397
MSFT,2016Q1,2,0.8367272019386292,0.008274974301457405,0.1549977958202362
MSFT,2016Q1,3,0.8202789425849915,0.007414681371301413,0.17230643332004547
MSFT,2016Q1,4,0.8521506190299988,0.008205315098166466,0.1396440863609314
MSFT,2016Q1,5,0.9073601365089417,0.009608910419046879,0.08303099125623703
MSFT,2016Q1,6,0.962622344493866,0.0181288942694664,0.019248731434345245
MSFT,2016Q1,7,0.1149313896894455,0.8644166588783264,0.02065199613571167
MSFT,2016Q1,8,0.01450086198747158,0.9668850898742676,0.018614087253808975
MSFT,2016Q1,9,0.9457812905311584,0.01360635831952095,0.040612321346998215
MSFT,2016Q1,10,0.00959990918636322,0.9464114904403687,0.043988604098558426
MSFT,2016Q1,11,0.21229350566864014,0.02104220911860466,0.7666642665863037
MSFT,2016Q1,12,0.17228226363658905,0.01292362343519926,0.8147940635681152
MSFT,2016Q1,13,0.05662810429930687,0.023411625996232033,0.9199602603912354
MSFT,2016Q1,14,0.8020155429840088,0.028610678389668465,0.16937370598316193
MSFT,2016Q1,15,0.56593918800354,0.01690411940217018,0.4171566665172577
MSFT,2016Q1,16,0.1614125669002533,0.014377248473465443,0.8242101073265076
MSFT,2016Q1,17,0.20634613931179047,0.059191640466451645,0.7344622015953064
MSFT,2016Q2,1,0.8789193034172058,0.011162967421114445,0.10991770774126053
MSFT,2016Q2,2,0.5148102641105652,0.00997867714613676,0.4752110242843628
MSFT,2016Q2,3,0.6237160563468933,0.008582862094044685,0.36770108342170715
MSFT,2016Q2,4,0.929996132850647,0.01205061748623848,0.057953231036663055
MSFT,2016Q2,5,0.8310390710830688,0.007451531011611223,0.16150936484336853
MSFT,2016Q2,6,0.3348355293273926,0.6256842613220215,0.03948013857007027
MSFT,2016Q2,7,0.9507942795753479,0.032432921230793,0.016772810369729996
MSFT,2016Q2,8,0.016654478386044502,0.96303790807724,0.020307641476392746
MSFT,2016Q2,9,0.9439350366592407,0.03268253803253174,0.023382462561130524
MSFT,2016Q2,10,0.6122139096260071,0.3448883295059204,0.042897745966911316
MSFT,2016Q2,11,0.11252712458372116,0.7874751091003418,0.09999777376651764
MSFT,2016Q2,12,0.34736162424087524,0.012790520675480366,0.6398478746414185
MSFT,2016Q2,13,0.11443278193473816,0.01551125943660736,0.8700559735298157
MSFT,2016Q2,14,0.8645750880241394,0.06168207898736,0.07374289631843567
MSFT,2016Q2,15,0.04381237179040909,0.07224693149328232,0.8839406967163086
MSFT,2016Q2,16,0.278413861989975,0.01363283209502697,0.7079532742500305
MSFT,2016Q2,17,0.2116815596818924,0.008682318963110447,0.7796361446380615
MSFT,2016Q2,18,0.19493453204631805,0.011232170276343822,0.793833315372467
MSFT,2016Q3,1,0.924271821975708,0.011942677199840546,0.06378539651632309
MSFT,2016Q3,2,0.6681854128837585,0.01261861901730299,0.31919601559638977
MSFT,2016Q3,3,0.7965922355651855,0.010712217539548874,0.19269558787345886
MSFT,2016Q3,4,0.8528910279273987,0.007017388939857483,0.14009155333042145
MSFT,2016Q3,5,0.8405405282974243,0.007786063477396965,0.15167340636253357
MSFT,2016Q3,6,0.9406279921531677,0.013220417313277721,0.0461515448987484
MSFT,2016Q3,7,0.01798775978386402,0.9569307565689087,0.0250814538449049
MSFT,2016Q3,8,0.01425644475966692,0.9694082140922546,0.016335317865014076
MSFT,2016Q3,9,0.15338607132434845,0.8092740774154663,0.03733987361192703
MSFT,2016Q3,10,0.12407238781452179,0.7500560283660889,0.12587159872055054
MSFT,2016Q3,11,0.03453782945871353,0.02543690614402294,0.940025269985199
MSFT,2016Q3,12,0.3820495307445526,0.012687923386693,0.6052625179290771
MSFT,2016Q3,13,0.21654941141605377,0.009115341119468212,0.7743352651596069
MSFT,2016Q3,14,0.7330576777458191,0.010583584196865559,0.2563587427139282
MSFT,2016Q3,15,0.6896900534629822,0.027521198615431786,0.2827887237071991
MSFT,2016Q3,16,0.19456690549850464,0.012957325205206871,0.7924757599830627
MSFT,2016Q3,17,0.20695117115974426,0.014308903366327286,0.778739869594574
MSFT,2016Q3,18,0.6864140033721924,0.012469802051782608,0.3011161684989929
MSFT,2016Q4,1,0.9120981693267822,0.008882214315235615,0.07901958376169205
MSFT,2016Q4,2,0.2337886542081833,0.012250210158526897,0.7539611458778381
MSFT,2016Q4,3,0.7800601720809937,0.00711217662319541,0.21282760798931122
MSFT,2016Q4,4,0.4695003032684326,0.009920802898705006,0.5205788612365723
MSFT,2016Q4,5,0.8370803594589233,0.007705200929194689,0.15521441400051117
MSFT,2016Q4,6,0.9609659314155579,0.016102423891425133,0.02293161116540432
MSFT,2016Q4,7,0.9626866579055786,0.015246818773448467,0.02206648327410221
MSFT,2016Q4,8,0.9567143321037292,0.014747356995940208,0.028538359329104424
MSFT,2016Q4,9,0.20150241255760193,0.06269928067922592,0.7357982993125916
MSFT,2016Q4,10,0.008270945399999619,0.969832181930542,0.021896904334425926
MSFT,2016Q4,11,0.20441177487373352,0.012325432151556015,0.7832627892494202
MSFT,2016Q4,12,0.2787575423717499,0.1516958624124527,0.5695465803146362
MSFT,2016Q4,13,0.061377495527267456,0.03317984566092491,0.9054427146911621
MSFT,2016Q4,14,0.10762502998113632,0.6329587697982788,0.25941625237464905
MSFT,2016Q4,15,0.07591846585273743,0.016503795981407166,0.9075777530670166
MSFT,2016Q4,16,0.08289052546024323,0.014180152676999569,0.9029293060302734
MSFT,2016Q4,17,0.06148265674710274,0.019173061475157738,0.9193442463874817
MSFT,2017Q1,1,0.7208949327468872,0.011245590634644032,0.2678595185279846
MSFT,2017Q1,2,0.4758131802082062,0.009217403829097748,0.5149694085121155
MSFT,2017Q1,3,0.8557019829750061,0.0069098081439733505,0.13738824427127838
MSFT,2017Q1,4,0.27620428800582886,0.008777826093137264,0.7150178551673889
MSFT,2017Q1,5,0.864253580570221,0.007175573613494635,0.12857088446617126
MSFT,2017Q1,6,0.9432541131973267,0.012728594243526459,0.04401719197630882
MSFT,2017Q1,7,0.9564642906188965,0.014465460553765297,0.029070286080241203
MSFT,2017Q1,8,0.025338053703308105,0.9531152844429016,0.021546633914113045
MSFT,2017Q1,9,0.3978962302207947,0.018533436581492424,0.5835703015327454
MSFT,2017Q1,10,0.01732185110449791,0.9532375931739807,0.029440581798553467
MSFT,2017Q1,11,0.5403932332992554,0.00801310408860445,0.45159366726875305
MSFT,2017Q1,12,0.235658660531044,0.013209658674895763,0.7511317133903503
MSFT,2017Q1,13,0.751637876033783,0.018972406163811684,0.2293897271156311
MSFT,2017Q1,14,0.7390069365501404,0.02899978496134281,0.23199330270290375
MSFT,2017Q1,15,0.17882731556892395,0.011427924036979675,0.8097447156906128
MSFT,2017Q1,16,0.07136038690805435,0.015206879004836082,0.9134327173233032
MSFT,2017Q1,17,0.1375393569469452,0.01989506371319294,0.8425655364990234
MSFT,2017Q1,18,0.10952579230070114,0.03462845832109451,0.8558457493782043
MSFT,2017Q2,1,0.8752344846725464,0.009155066683888435,0.11561044305562973
MSFT,2017Q2,2,0.8153179287910461,0.00845961831510067,0.17622245848178864
MSFT,2017Q2,3,0.596558690071106,0.009039413183927536,0.3944019079208374
MSFT,2017Q2,4,0.87750643491745,0.007355746813118458,0.11513777822256088
MSFT,2017Q2,5,0.7055086493492126,0.010204228572547436,0.28428709506988525
MSFT,2017Q2,6,0.7433826923370361,0.2189200520515442,0.03769723325967789
MSFT,2017Q2,7,0.01607835851609707,0.9690778255462646,0.014843788929283619
MSFT,2017Q2,8,0.8927774429321289,0.08076241612434387,0.026460181921720505
MSFT,2017Q2,9,0.029391074553132057,0.9335314631462097,0.03707747533917427
MSFT,2017Q2,10,0.04126163572072983,0.02373160421848297,0.9350067973136902
MSFT,2017Q2,11,0.5626491904258728,0.013861868530511856,0.423488974571228
MSFT,2017Q2,12,0.10791189223527908,0.014253740198910236,0.8778343796730042
MSFT,2017Q2,13,0.14838197827339172,0.009582850150763988,0.842035174369812
MSFT,2017Q2,14,0.186989888548851,0.011893938295543194,0.8011162281036377
MSFT,2017Q2,15,0.10576699674129486,0.021301910281181335,0.8729311227798462
MSFT,2017Q2,16,0.5322550535202026,0.010580048896372318,0.4571648836135864
MSFT,2017Q2,17,0.0814555361866951,0.015812093392014503,0.9027323722839355
MSFT,2017Q2,18,0.09394993633031845,0.017653070390224457,0.8883970379829407
MSFT,2017Q2,19,0.20398953557014465,0.04888017103075981,0.7471303343772888
MSFT,2017Q2,20,0.9493513703346252,0.012587684206664562,0.03806097432971001
MSFT,2017Q3,1,0.9295807480812073,0.010878536850214005,0.05954070761799812
MSFT,2017Q3,2,0.9010182619094849,0.00812609028071165,0.09085565060377121
MSFT,2017Q3,3,0.36683401465415955,0.008443305268883705,0.6247227191925049
MSFT,2017Q3,4,0.800388514995575,0.008726777508854866,0.19088469445705414
MSFT,2017Q3,5,0.7070562243461609,0.008887763135135174,0.2840559184551239
MSFT,2017Q3,6,0.9592369794845581,0.018250467255711555,0.02251255139708519
MSFT,2017Q3,7,0.017090262845158577,0.9673465490341187,0.015563096851110458
MSFT,2017Q3,8,0.35047435760498047,0.6188151240348816,0.030710570514202118
MSFT,2017Q3,9,0.010842655785381794,0.9352889060974121,0.0538683757185936
MSFT,2017Q3,10,0.030924970284104347,0.9321014285087585,0.036973513662815094
MSFT,2017Q3,11,0.9170564413070679,0.011326090432703495,0.0716175064444542
MSFT,2017Q3,12,0.8574016094207764,0.010748830623924732,0.13184960186481476
MSFT,2017Q3,13,0.8607302308082581,0.00868089310824871,0.13058893382549286
MSFT,2017Q3,14,0.8406717777252197,0.009843503125011921,0.14948467910289764
MSFT,2017Q3,15,0.4397027790546417,0.015274062752723694,0.5450232028961182
MSFT,2017Q3,16,0.03796536475419998,0.023101666942238808,0.9389329552650452
MSFT,2017Q3,17,0.11109325289726257,0.023741232231259346,0.8651654720306396
MSFT,2017Q3,18,0.908033013343811,0.012805921025574207,0.07916100323200226
MSFT,2017Q4,1,0.8971951603889465,0.008836355060338974,0.0939684584736824
MSFT,2017Q4,2,0.15726503729820251,0.011225194670259953,0.8315097689628601
MSFT,2017Q4,3,0.9421787261962891,0.009627499617636204,0.04819372296333313
MSFT,2017Q4,4,0.16559725999832153,0.008859346620738506,0.8255434036254883
MSFT,2017Q4,5,0.6721329689025879,0.009332220070064068,0.3185347318649292
MSFT,2017Q4,6,0.960099995136261,0.01868424564599991,0.02121575176715851
MSFT,2017Q4,7,0.24523690342903137,0.724971354007721,0.02979179099202156
MSFT,2017Q4,8,0.009824059903621674,0.9739506840705872,0.016225289553403854
MSFT,2017Q4,9,0.9585450291633606,0.020609617233276367,0.02084539830684662
MSFT,2017Q4,10,0.9537542462348938,0.01388632133603096,0.032359521836042404
MSFT,2017Q4,11,0.7355883717536926,0.012364041991531849,0.2520475685596466
MSFT,2017Q4,12,0.03968725726008415,0.02502330392599106,0.9352894425392151
MSFT,2017Q4,13,0.16356827318668365,0.009174436330795288,0.8272572755813599
MSFT,2017Q4,14,0.2363644391298294,0.014672525227069855,0.7489629983901978
MSFT,2017Q4,15,0.8563880920410156,0.007152551785111427,0.1364593654870987
MSFT,2017Q4,16,0.05356309935450554,0.02395697683095932,0.9224799275398254
MSFT,2017Q4,17,0.36795610189437866,0.00915450043976307,0.6228893995285034
MSFT,2017Q4,18,0.08599923551082611,0.024044688791036606,0.8899561166763306
MSFT,2017Q4,19,0.6793057322502136,0.008994687348604202,0.3116995692253113
MSFT,2018Q1,1,0.49772998690605164,0.010128454305231571,0.4921415448188782
MSFT,2018Q1,2,0.6576072573661804,0.009465305134654045,0.3329273760318756
MSFT,2018Q1,3,0.5413814187049866,0.009088603779673576,0.4495299458503723
MSFT,2018Q1,4,0.5378418564796448,0.009299412369728088,0.45285865664482117
MSFT,2018Q1,5,0.2769138813018799,0.009219331666827202,0.7138667702674866
MSFT,2018Q1,6,0.9234691262245178,0.04059154912829399,0.03593936935067177
MSFT,2018Q1,7,0.9601713418960571,0.017053106799721718,0.02277550846338272
MSFT,2018Q1,8,0.05126228183507919,0.930275022983551,0.018462657928466797
MSFT,2018Q1,9,0.8937750458717346,0.007801021449267864,0.09842391312122345
MSFT,2018Q1,10,0.8563470840454102,0.10643269121646881,0.03722025081515312
MSFT,2018Q1,11,0.2152685970067978,0.011444051750004292,0.7732873558998108
MSFT,2018Q1,12,0.6229631900787354,0.010481416247785091,0.366555392742157
MSFT,2018Q1,13,0.06842781603336334,0.0211684200912714,0.9104037880897522
MSFT,2018Q1,14,0.5114032626152039,0.009920415468513966,0.47867634892463684
MSFT,2018Q1,15,0.18992888927459717,0.01640825718641281,0.7936627864837646
MSFT,2018Q1,16,0.4122355282306671,0.017349310219287872,0.5704151391983032
MSFT,2018Q1,17,0.8450853824615479,0.012001254595816135,0.1429133117198944
MSFT,2018Q1,18,0.04882452264428139,0.028003942221403122,0.9231715798377991
MSFT,2018Q2,1,0.8139557242393494,0.009018479846417904,0.17702588438987732
MSFT,2018Q2,2,0.8420782685279846,0.007978257723152637,0.14994344115257263
MSFT,2018Q2,3,0.9146145582199097,0.008291554637253284,0.07709391415119171
MSFT,2018Q2,4,0.7388932704925537,0.008980434387922287,0.2521263360977173
MSFT,2018Q2,5,0.7221028804779053,0.009574869647622108,0.26832228899002075
MSFT,2018Q2,6,0.9506651163101196,0.01729409396648407,0.032040804624557495
MSFT,2018Q2,7,0.9570911526679993,0.02268236130475998,0.02022644132375717
MSFT,2018Q2,8,0.9626677632331848,0.01578744873404503,0.02154473029077053
MSFT,2018Q2,9,0.8499346971511841,0.012221673503518105,0.13784369826316833
MSFT,2018Q2,10,0.9588966369628906,0.015268749557435513,0.02583455853164196
MSFT,2018Q2,11,0.25877970457077026,0.031320441514253616,0.7098998427391052
MSFT,2018Q2,12,0.2726533114910126,0.013037992641329765,0.7143086791038513
MSFT,2018Q2,13,0.25179457664489746,0.013418246991932392,0.7347871661186218
MSFT,2018Q2,14,0.398352712392807,0.00891012605279684,0.5927371382713318
MSFT,2018Q2,15,0.3360588550567627,0.021424880251288414,0.6425163149833679
MSFT,2018Q2,16,0.2239418774843216,0.011533386074006557,0.7645246982574463
MSFT,2018Q2,17,0.243768572807312,0.009337645955383778,0.7468938231468201
MSFT,2018Q2,18,0.48556020855903625,0.051755163818597794,0.46268466114997864
MSFT,2018Q2,19,0.08367043733596802,0.018375126644968987,0.8979544639587402
MSFT,2018Q2,20,0.06041085720062256,0.02242509089410305,0.9171640276908875
MSFT,2018Q3,1,0.9418038129806519,0.012084082700312138,0.046112168580293655
MSFT,2018Q3,2,0.9556261897087097,0.015388580039143562,0.028985224664211273
MSFT,2018Q3,3,0.8405721783638,0.007770407944917679,0.1516573578119278
MSFT,2018Q3,4,0.9409621357917786,0.017435546964406967,0.04160229116678238
MSFT,2018Q3,5,0.95998215675354,0.019182290881872177,0.020835567265748978
MSFT,2018Q3,6,0.9571894407272339,0.025080706924200058,0.017729828134179115
MSFT,2018Q3,7,0.022395167499780655,0.9602468609809875,0.01735791750252247
MSFT,2018Q3,8,0.9398509860038757,0.012307480908930302,0.04784156009554863
MSFT,2018Q3,9,0.9241074919700623,0.008800004608929157,0.06709256023168564
MSFT,2018Q3,10,0.21448075771331787,0.017540259286761284,0.7679789662361145
MSFT,2018Q3,11,0.2627546787261963,0.01473937463015318,0.7225059866905212
MSFT,2018Q3,12,0.7446103692054749,0.05282018333673477,0.2025694102048874
MSFT,2018Q3,13,0.13767826557159424,0.029229307547211647,0.833092451095581
MSFT,2018Q3,14,0.14296063780784607,0.013089193031191826,0.8439501523971558
MSFT,2018Q3,15,0.10080544650554657,0.046966973692178726,0.8522275686264038
MSFT,2018Q4,1,0.35319504141807556,0.012755305506289005,0.6340495944023132
MSFT,2018Q4,2,0.14956693351268768,0.009700755588710308,0.8407322764396667
MSFT,2018Q4,3,0.7785624861717224,0.007340768352150917,0.214096799492836
MSFT,2018Q4,4,0.2559620141983032,0.008893375284969807,0.7351446151733398
MSFT,2018Q4,5,0.5407371520996094,0.01653653010725975,0.4427263140678406
MSFT,2018Q4,6,0.17697663605213165,0.01262183953076601,0.8104014992713928
MSFT,2018Q4,7,0.5638248324394226,0.4026407301425934,0.03353448584675789
MSFT,2018Q4,8,0.644171953201294,0.32639196515083313,0.029436124488711357
MSFT,2018Q4,9,0.9570705890655518,0.017196835950016975,0.02573256380856037
MSFT,2018Q4,10,0.20825104415416718,0.7004626989364624,0.0912863090634346
MSFT,2018Q4,11,0.40254920721054077,0.012078812345862389,0.5853720307350159
MSFT,2018Q4,12,0.4937491714954376,0.009585913270711899,0.4966649115085602
MSFT,2018Q4,13,0.41849756240844727,0.008937709964811802,0.5725647211074829
MSFT,2018Q4,14,0.6669175624847412,0.011815370991826057,0.3212670087814331
MSFT,2018Q4,15,0.11234603077173233,0.019722504541277885,0.8679314851760864
MSFT,2018Q4,16,0.5785534977912903,0.012798122130334377,0.40864837169647217
MSFT,2018Q4,17,0.8121872544288635,0.00906237494200468,0.17875035107135773
MSFT,2019Q1,1,0.9073411822319031,0.00928310863673687,0.08337567746639252
MSFT,2019Q1,2,0.37135863304138184,0.008864842355251312,0.6197765469551086
MSFT,2019Q1,3,0.4461262822151184,0.008298785425722599,0.5455749034881592
MSFT,2019Q1,4,0.5230540037155151,0.008852179162204266,0.4680938422679901
MSFT,2019Q1,5,0.8551501035690308,0.008171276189386845,0.13667859137058258
MSFT,2019Q1,6,0.6766917109489441,0.3001750111579895,0.023133287206292152
MSFT,2019Q1,7,0.9633122682571411,0.014778105542063713,0.021909626200795174
MSFT,2019Q1,8,0.011181367561221123,0.9727112054824829,0.016107387840747833
MSFT,2019Q1,9,0.9291023015975952,0.012599040754139423,0.058298707008361816
MSFT,2019Q1,10,0.9535285234451294,0.017121048644185066,0.029350513592362404
MSFT,2019Q1,11,0.6036071181297302,0.009969370439648628,0.3864234983921051
MSFT,2019Q1,12,0.19160042703151703,0.010753712616860867,0.7976458668708801
MSFT,2019Q1,13,0.9221580624580383,0.019529780372977257,0.05831214785575867
MSFT,2019Q1,14,0.22229468822479248,0.008969518356025219,0.7687358260154724
MSFT,2019Q1,15,0.052086591720581055,0.030571971088647842,0.9173414707183838
MSFT,2019Q1,16,0.36620014905929565,0.009617694653570652,0.6241822242736816
MSFT,2019Q1,17,0.1287950873374939,0.013455988839268684,0.8577489256858826
MSFT,2019Q2,1,0.821174681186676,0.008903644047677517,0.1699216514825821
MSFT,2019Q2,2,0.07650921493768692,0.07254496216773987,0.8509458303451538
MSFT,2019Q2,3,0.4465920925140381,0.010153085924685001,0.5432548522949219
MSFT,2019Q2,4,0.5400569438934326,0.008511306717991829,0.4514317512512207
MSFT,2019Q2,5,0.9512951374053955,0.01657128892838955,0.032133568078279495
MSFT,2019Q2,6,0.9586556553840637,0.015851721167564392,0.025492621585726738
MSFT,2019Q2,7,0.9614585041999817,0.017216544598340988,0.021325038745999336
MSFT,2019Q2,8,0.12124836444854736,0.8344528675079346,0.04429883882403374
MSFT,2019Q2,9,0.026833539828658104,0.941462516784668,0.03170396015048027
MSFT,2019Q2,10,0.8809977769851685,0.013484806753695011,0.1055174171924591
MSFT,2019Q2,11,0.14600305259227753,0.01388337928801775,0.8401135802268982
MSFT,2019Q2,12,0.871986448764801,0.010223518125712872,0.11779006570577621
MSFT,2019Q2,13,0.10491035133600235,0.017881831154227257,0.8772077560424805
MSFT,2019Q2,14,0.6687665581703186,0.009592963382601738,0.3216405212879181
MSFT,2019Q2,15,0.07367457449436188,0.014116334728896618,0.9122090935707092
MSFT,2019Q2,16,0.3269338607788086,0.01114894449710846,0.6619171500205994
MSFT,2019Q2,17,0.08103656023740768,0.015392113476991653,0.9035713076591492
MSFT,2019Q3,1,0.8824813961982727,0.011561239138245583,0.1059572696685791
MSFT,2019Q3,2,0.649233341217041,0.009017891250550747,0.3417487144470215
MSFT,2019Q3,3,0.14723774790763855,0.009439444169402122,0.8433228135108948
MSFT,2019Q3,4,0.21427299082279205,0.008688666857779026,0.7770383954048157
MSFT,2019Q3,5,0.880859911441803,0.008555799722671509,0.11058418452739716
MSFT,2019Q3,6,0.9584274888038635,0.016539158299565315,0.025033436715602875
MSFT,2019Q3,7,0.9583874344825745,0.018092816695570946,0.023519758135080338
MSFT,2019Q3,8,0.24053379893302917,0.7359055876731873,0.02356058545410633
MSFT,2019Q3,9,0.07929092645645142,0.9024382829666138,0.01827080175280571
MSFT,2019Q3,10,0.04223359748721123,0.9027900695800781,0.05497637018561363
MSFT,2019Q3,11,0.9537546634674072,0.018982743844389915,0.02726256102323532
MSFT,2019Q3,12,0.1928040236234665,0.009095600806176662,0.7981003522872925
MSFT,2019Q3,13,0.05554276704788208,0.023614520207047462,0.920842707157135
MSFT,2019Q3,14,0.8740413188934326,0.010230619460344315,0.11572810262441635
MSFT,2019Q3,15,0.057063307613134384,0.03522849455475807,0.9077081680297852
MSFT,2019Q3,16,0.11474867165088654,0.012756935320794582,0.8724943995475769
MSFT,2019Q3,17,0.6178590655326843,0.0100675318390131,0.3720734119415283
MSFT,2019Q4,1,0.7412804961204529,0.008006286807358265,0.2507132589817047
MSFT,2019Q4,2,0.23062944412231445,0.009500226937234402,0.7598702907562256
MSFT,2019Q4,3,0.1146603673696518,0.009651784785091877,0.875687837600708
MSFT,2019Q4,4,0.5949522852897644,0.008890063501894474,0.3961576223373413
MSFT,2019Q4,5,0.8016809225082397,0.008390414528548717,0.18992875516414642
MSFT,2019Q4,6,0.6812117099761963,0.2938849627971649,0.02490326203405857
MSFT,2019Q4,7,0.9584894776344299,0.016095340251922607,0.025415118783712387
MSFT,2019Q4,8,0.34964922070503235,0.6152209043502808,0.0351298525929451
MSFT,2019Q4,9,0.9351205229759216,0.010068254545331001,0.05481130629777908
MSFT,2019Q4,10,0.0664370059967041,0.0180045235902071,0.9155585169792175
MSFT,2019Q4,11,0.9252473711967468,0.01530593540519476,0.059446681290864944
MSFT,2019Q4,12,0.8956823348999023,0.020273717120289803,0.08404390513896942
MSFT,2019Q4,13,0.2588793635368347,0.010737190023064613,0.7303833961486816
MSFT,2019Q4,14,0.12424585223197937,0.01970069296658039,0.8560534119606018
MSFT,2019Q4,15,0.13354620337486267,0.016926966607570648,0.8495267629623413
MSFT,2019Q4,16,0.8017694354057312,0.007517262361943722,0.19071334600448608
MSFT,2020Q1,1,0.7902219891548157,0.01080720592290163,0.19897079467773438
MSFT,2020Q1,2,0.20657360553741455,0.009587532840669155,0.7838389277458191
MSFT,2020Q1,3,0.2721092700958252,0.009301501326262951,0.7185892462730408
MSFT,2020Q1,4,0.07862427830696106,0.02620190940797329,0.8951737880706787
MSFT,2020Q1,5,0.8465237021446228,0.007857847027480602,0.14561843872070312
MSFT,2020Q1,6,0.961581289768219,0.019806481897830963,0.01861220970749855
MSFT,2020Q1,7,0.958737850189209,0.013119346462190151,0.028142791241407394
MSFT,2020Q1,8,0.9582080245018005,0.022608933970332146,0.019183119758963585
MSFT,2020Q1,9,0.019571730867028236,0.9570638537406921,0.02336440235376358
MSFT,2020Q1,10,0.06067970395088196,0.5352384448051453,0.4040818214416504
MSFT,2020Q1,11,0.6017078757286072,0.011998816393315792,0.38629335165023804
MSFT,2020Q1,12,0.42802318930625916,0.008930785581469536,0.5630460381507874
MSFT,2020Q1,13,0.8360962271690369,0.0656607449054718,0.09824302047491074
MSFT,2020Q1,14,0.2997669577598572,0.014545377343893051,0.6856876611709595
MSFT,2020Q1,15,0.6310908198356628,0.023502886295318604,0.34540626406669617
MSFT,2020Q1,16,0.09307624399662018,0.013497044332325459,0.893426775932312
MSFT,2020Q2,1,0.7623003125190735,0.009561181999742985,0.2281385213136673
MSFT,2020Q2,2,0.11825649440288544,0.017630722373723984,0.8641127943992615
MSFT,2020Q2,3,0.07581111043691635,0.022705400362610817,0.9014835357666016
MSFT,2020Q2,4,0.35054051876068115,0.008913310244679451,0.6405461430549622
MSFT,2020Q2,5,0.5004643201828003,0.00805386621505022,0.49148184061050415
MSFT,2020Q2,6,0.9252902269363403,0.01692819595336914,0.05778150632977486
MSFT,2020Q2,7,0.2396268993616104,0.7371931672096252,0.023179922252893448
MSFT,2020Q2,8,0.9614959359169006,0.016313200816512108,0.02219090797007084
MSFT,2020Q2,9,0.7497140169143677,0.1727338582277298,0.0775521919131279
MSFT,2020Q2,10,0.9106733202934265,0.028768928721547127,0.0605577677488327
MSFT,2020Q2,11,0.01800447329878807,0.9443530440330505,0.037642449140548706
MSFT,2020Q2,12,0.08678615838289261,0.019414076581597328,0.8937998414039612
MSFT,2020Q2,13,0.1934470683336258,0.010066618211567402,0.7964863181114197
MSFT,2020Q2,14,0.7628192901611328,0.02370319701731205,0.21347758173942566
MSFT,2020Q2,15,0.21488191187381744,0.28391191363334656,0.5012061595916748
MSFT,2020Q2,16,0.09190086275339127,0.018274733796715736,0.8898244500160217
MSFT,2020Q2,17,0.25526154041290283,0.010357423685491085,0.7343810200691223
MSFT,2020Q2,18,0.6276726126670837,0.013954758644104004,0.35837262868881226
MSFT,2020Q2,19,0.14391374588012695,0.009287947788834572,0.8467983603477478
MSFT,2020Q2,20,0.5902200937271118,0.011909210123121738,0.3978706896305084
MSFT,2020Q3,1,0.935115396976471,0.01237361878156662,0.052510954439640045
MSFT,2020Q3,2,0.21392115950584412,0.011650863103568554,0.7744280099868774
MSFT,2020Q3,3,0.7765961289405823,0.007614678703248501,0.21578919887542725
MSFT,2020Q3,4,0.0853772908449173,0.01510787382721901,0.8995147943496704
MSFT,2020Q3,5,0.8950796723365784,0.008375030010938644,0.09654528647661209
MSFT,2020Q3,6,0.5483668446540833,0.009303429163992405,0.44232964515686035
MSFT,2020Q3,7,0.9572713375091553,0.015959246084094048,0.026769330725073814
MSFT,2020Q3,8,0.9615615606307983,0.016971977427601814,0.021466469392180443
MSFT,2020Q3,9,0.9615983366966248,0.017000069841742516,0.02140161208808422
MSFT,2020Q3,10,0.6373293399810791,0.01218637265264988,0.3504842519760132
MSFT,2020Q3,11,0.032640013843774796,0.8717814683914185,0.09557859599590302
MSFT,2020Q3,12,0.045641496777534485,0.8894283771514893,0.06493014097213745
MSFT,2020Q3,13,0.15327002108097076,0.18138323724269867,0.6653467416763306
MSFT,2020Q3,14,0.07384143769741058,0.01897609420120716,0.9071824550628662
MSFT,2020Q3,15,0.1045345589518547,0.01544290129095316,0.8800225257873535
MSFT,2020Q3,16,0.31897231936454773,0.03913889080286026,0.6418887972831726
MSFT,2020Q3,17,0.9335063099861145,0.012974225915968418,0.05351952835917473
MSFT,2020Q3,18,0.43263381719589233,0.0114328283816576,0.5559333562850952
MU,2016Q1,1,0.018829476088285446,0.9267189502716064,0.05445156618952751
MU,2016Q1,2,0.4290008246898651,0.007874386385083199,0.5631248354911804
MU,2016Q1,3,0.7568934559822083,0.007977438159286976,0.23512908816337585
MU,2016Q1,4,0.19026599824428558,0.06069622561335564,0.7490377426147461
MU,2016Q1,5,0.8501052260398865,0.008259855210781097,0.14163492619991302
MU,2016Q1,6,0.36945804953575134,0.07020819932222366,0.5603337287902832
MU,2016Q1,7,0.06535071134567261,0.2540729343891144,0.6805763244628906
MU,2016Q1,8,0.11647842824459076,0.021819662302732468,0.8617019057273865
MU,2016Q1,9,0.17899516224861145,0.013596045784652233,0.8074088096618652
MU,2016Q1,10,0.4895114004611969,0.13394252955913544,0.3765460252761841
MU,2016Q1,11,0.35182440280914307,0.01456971000880003,0.6336058378219604
MU,2016Q1,12,0.43880003690719604,0.01291684340685606,0.5482831001281738
MU,2016Q2,1,0.038990240544080734,0.9413320422172546,0.01967768371105194
MU,2016Q2,2,0.895156741142273,0.007924993522465229,0.09691827744245529
MU,2016Q2,3,0.9151369333267212,0.00811388622969389,0.07674915343523026
MU,2016Q2,4,0.033122468739748,0.028651194646954536,0.9382262825965881
MU,2016Q2,5,0.9594671726226807,0.017306234687566757,0.02322661317884922
MU,2016Q2,6,0.16585788130760193,0.8110585808753967,0.02308352291584015
MU,2016Q2,7,0.016213877126574516,0.8884837031364441,0.09530249983072281
MU,2016Q2,8,0.6844762563705444,0.010989110916852951,0.3045346140861511
MU,2016Q2,9,0.9325926303863525,0.011217791587114334,0.056189652532339096
MU,2016Q2,10,0.2893739938735962,0.3347325623035431,0.3758934438228607
MU,2016Q2,11,0.02797599695622921,0.7366152405738831,0.23540882766246796
MU,2016Q2,12,0.9448061585426331,0.015332602895796299,0.03986120596528053
MU,2016Q2,13,0.1183299571275711,0.5609238147735596,0.32074621319770813
MU,2016Q2,14,0.18303534388542175,0.014172215014696121,0.8027924299240112
MU,2016Q2,15,0.5639515519142151,0.008977385237812996,0.4270710349082947
MU,2016Q4,1,0.7562157511711121,0.1929825395345688,0.05080169439315796
MU,2016Q4,2,0.12675857543945312,0.8468317985534668,0.02640967257320881
MU,2016Q4,3,0.012516527436673641,0.9679705500602722,0.019513007253408432
MU,2016Q4,4,0.10928765684366226,0.771854043006897,0.11885831505060196
MU,2016Q4,5,0.17988361418247223,0.10745257139205933,0.7126637697219849
MU,2016Q4,6,0.16145595908164978,0.027527133002877235,0.811016857624054
MU,2016Q4,7,0.9286540150642395,0.01641612872481346,0.054929859936237335
MU,2016Q4,8,0.05375402048230171,0.887394905090332,0.05885099992156029
MU,2016Q4,9,0.1750180870294571,0.676729142665863,0.14825274050235748
MU,2016Q4,10,0.5149084329605103,0.02492694929242134,0.4601646363735199
MU,2016Q4,11,0.1286727786064148,0.05029475688934326,0.8210324048995972
MU,2016Q4,12,0.06226285174489021,0.015843810513615608,0.9218933582305908
MU,2016Q4,1,0.03238159418106079,0.9414697289466858,0.026148730888962746
MU,2016Q4,2,0.1659306287765503,0.0344388410449028,0.7996305227279663
MU,2016Q4,3,0.6663098931312561,0.008644429966807365,0.32504573464393616
MU,2016Q4,4,0.09344324469566345,0.8129562139511108,0.09360058605670929
MU,2016Q4,5,0.9572368264198303,0.017208831384778023,0.025554396212100983
MU,2016Q4,6,0.9563855528831482,0.014224855229258537,0.029389645904302597
MU,2016Q4,7,0.9232994914054871,0.010535258799791336,0.06616520881652832
MU,2016Q4,8,0.35311946272850037,0.5736310482025146,0.07324950397014618
MU,2016Q4,9,0.06234654411673546,0.040016867220401764,0.8976365923881531
MU,2016Q4,10,0.09285230934619904,0.27657631039619446,0.6305713653564453
MU,2016Q4,11,0.34433308243751526,0.01523494627326727,0.6404319405555725
MU,2016Q4,12,0.8694330453872681,0.038702961057424545,0.09186405688524246
MU,2016Q4,13,0.4474898874759674,0.047730349004268646,0.5047797560691833
MU,2016Q4,14,0.11542561650276184,0.03902732580900192,0.8455470204353333
MU,2016Q4,15,0.19087274372577667,0.21135011315345764,0.5977771282196045
MU,2017Q1,1,0.7093930244445801,0.04025627672672272,0.2503507137298584
MU,2017Q1,2,0.873950183391571,0.0064066327176988125,0.1196431964635849
MU,2017Q1,3,0.8233011364936829,0.0071474239230155945,0.16955141723155975
MU,2017Q1,4,0.9579547047615051,0.017663242295384407,0.024382101371884346
MU,2017Q1,5,0.956894040107727,0.01579304225742817,0.02731284685432911
MU,2017Q1,6,0.9076911211013794,0.009858156554400921,0.082450732588768
MU,2017Q1,7,0.24143512547016144,0.009046309627592564,0.7495185732841492
MU,2017Q1,8,0.2889585494995117,0.04417407140135765,0.6668673753738403
MU,2017Q1,9,0.05667215585708618,0.03704167529940605,0.9062861204147339
MU,2017Q1,10,0.8447015881538391,0.013394102454185486,0.1419042944908142
MU,2017Q1,11,0.7859451770782471,0.007863274775445461,0.2061915099620819
MU,2017Q1,12,0.19967901706695557,0.43890947103500366,0.361411452293396
MU,2017Q1,13,0.629136860370636,0.01885007694363594,0.3520130515098572
MU,2017Q1,14,0.11799519509077072,0.01988169737160206,0.8621231317520142
MU,2017Q2,1,0.9378640651702881,0.010414634831249714,0.05172130838036537
MU,2017Q2,2,0.9493680000305176,0.012834526598453522,0.03779739886522293
MU,2017Q2,3,0.8956476449966431,0.0078433183953166,0.09650911390781403
MU,2017Q2,4,0.8970577716827393,0.007665978744626045,0.09527630358934402
MU,2017Q2,5,0.9383389949798584,0.00966884009540081,0.051992181688547134
MU,2017Q2,6,0.958783745765686,0.021184353157877922,0.02003186196088791
MU,2017Q2,7,0.9229139089584351,0.02880723401904106,0.048278797417879105
MU,2017Q2,8,0.35358548164367676,0.008869456127285957,0.637545108795166
MU,2017Q2,9,0.6673158407211304,0.008719800971448421,0.32396429777145386
MU,2017Q2,10,0.7890932559967041,0.01219753548502922,0.19870921969413757
MU,2017Q2,11,0.2528156340122223,0.015859143808484077,0.7313252091407776
MU,2017Q2,12,0.7165554165840149,0.00827017705887556,0.2751743495464325
MU,2017Q2,13,0.2595432698726654,0.02413705177605152,0.7163196802139282
MU,2017Q2,14,0.8183691501617432,0.008497722446918488,0.17313313484191895
MU,2017Q2,15,0.11351087689399719,0.06457525491714478,0.8219138979911804
MU,2017Q2,16,0.9320028424263,0.02616269327700138,0.041834406554698944
MU,2017Q3,1,0.9458171129226685,0.0156409814953804,0.0385420024394989
MU,2017Q3,2,0.8421676754951477,0.0063308426178991795,0.15150153636932373
MU,2017Q3,3,0.9524326920509338,0.011453895829617977,0.03611341118812561
MU,2017Q3,4,0.8872684836387634,0.04848023131489754,0.06425128132104874
MU,2017Q3,5,0.8055044412612915,0.008519481867551804,0.18597601354122162
MU,2017Q3,6,0.7390307784080505,0.2231883406639099,0.03778082877397537
MU,2017Q3,7,0.9609335660934448,0.016287898644804955,0.02277851663529873
MU,2017Q3,8,0.6827314496040344,0.009032994508743286,0.3082355558872223
MU,2017Q3,9,0.07824397832155228,0.07141699641942978,0.8503389954566956
MU,2017Q3,10,0.8641710877418518,0.010513335466384888,0.12531565129756927
MU,2017Q3,11,0.905399739742279,0.007464003283530474,0.08713629096746445
MU,2017Q3,12,0.3558098375797272,0.007989791221916676,0.6362003684043884
MU,2017Q3,13,0.08590267598628998,0.024705849587917328,0.8893914818763733
MU,2017Q3,14,0.33317455649375916,0.012313361279666424,0.6545121073722839
MU,2017Q3,15,0.08049951493740082,0.015063107013702393,0.9044374227523804
MU,2017Q3,16,0.13776163756847382,0.0187925323843956,0.8434458374977112
MU,2017Q4,1,0.9555733799934387,0.013829858042299747,0.030596693977713585
MU,2017Q4,2,0.3364376723766327,0.011395898647606373,0.6521664261817932
MU,2017Q4,3,0.8584237694740295,0.006499446462839842,0.13507682085037231
MU,2017Q4,4,0.88936847448349,0.006950079929083586,0.10368138551712036
MU,2017Q4,5,0.9605692625045776,0.01877819001674652,0.020652608945965767
MU,2017Q4,6,0.9596579074859619,0.019656894728541374,0.02068517543375492
MU,2017Q4,7,0.09037405997514725,0.024806862697005272,0.8848190903663635
MU,2017Q4,8,0.34182441234588623,0.5516743063926697,0.1065012589097023
MU,2017Q4,9,0.9157578349113464,0.008964362554252148,0.07527786493301392
MU,2017Q4,10,0.8777787089347839,0.009355389513075352,0.1128658726811409
MU,2017Q4,11,0.10227159410715103,0.009599973447620869,0.8881284594535828
MU,2017Q4,12,0.24513690173625946,0.008423302322626114,0.7464397549629211
MU,2017Q4,13,0.10940105468034744,0.01766727678477764,0.8729316592216492
MU,2017Q4,14,0.28851497173309326,0.05891645699739456,0.652568519115448
MU,2017Q4,15,0.3819718062877655,0.02491762489080429,0.5931105613708496
MU,2017Q4,16,0.059844885021448135,0.021124452352523804,0.9190307259559631
MU,2018Q1,1,0.9476146697998047,0.012434178963303566,0.03995109722018242
MU,2018Q1,2,0.7910300493240356,0.007479959633201361,0.20148997008800507
MU,2018Q1,3,0.32762303948402405,0.011247420683503151,0.6611295342445374
MU,2018Q1,4,0.5542300343513489,0.01334372628480196,0.4324262738227844
MU,2018Q1,5,0.7928036451339722,0.00958964042365551,0.19760672748088837
MU,2018Q1,6,0.9583151936531067,0.015661532059311867,0.026023313403129578
MU,2018Q1,7,0.02514522895216942,0.9515343904495239,0.023320453241467476
MU,2018Q1,8,0.6189800500869751,0.24058903753757477,0.14043092727661133
MU,2018Q1,9,0.7790163159370422,0.00953050795942545,0.21145321428775787
MU,2018Q1,10,0.08962231129407883,0.014574553817510605,0.8958031535148621
MU,2018Q1,11,0.802276074886322,0.006948995403945446,0.19077491760253906
MU,2018Q1,12,0.07565616816282272,0.1353585422039032,0.7889852523803711
MU,2018Q1,13,0.21027670800685883,0.015869248658418655,0.7738540172576904
MU,2018Q1,14,0.8708444833755493,0.006931353360414505,0.1222241148352623
MU,2018Q1,15,0.21040776371955872,0.009440756402909756,0.7801514863967896
MU,2018Q3,1,0.8981086611747742,0.01049768552184105,0.09139358997344971
MU,2018Q3,2,0.9524149298667908,0.01327381283044815,0.034311287105083466
MU,2018Q3,3,0.7739515900611877,0.0075741540640592575,0.21847425401210785
MU,2018Q3,4,0.7229090929031372,0.012287900783121586,0.26480308175086975
MU,2018Q3,5,0.9500200748443604,0.0155521584674716,0.034427840262651443
MU,2018Q3,6,0.9522446393966675,0.026706410571932793,0.021048882976174355
MU,2018Q3,7,0.9553344249725342,0.02000507339835167,0.024660447612404823
MU,2018Q3,8,0.39261797070503235,0.5774383544921875,0.029943635687232018
MU,2018Q3,9,0.03826482221484184,0.019973043352365494,0.9417621493339539
MU,2018Q3,10,0.9182435274124146,0.008944293484091759,0.07281215488910675
MU,2018Q3,11,0.9293566346168518,0.012398595921695232,0.058244816958904266
MU,2018Q3,12,0.27569347620010376,0.022464022040367126,0.7018424868583679
MU,2018Q3,13,0.8837354779243469,0.02430286817252636,0.09196162968873978
MU,2018Q3,14,0.17392681539058685,0.4446460008621216,0.38142722845077515
MU,2018Q3,15,0.9105741381645203,0.007854258641600609,0.08157152682542801
MU,2018Q3,16,0.17290067672729492,0.012804449535906315,0.8142948150634766
MU,2018Q3,17,0.9479784369468689,0.01638631522655487,0.03563520312309265
MU,2018Q4,1,0.9588028192520142,0.015090804547071457,0.026106370612978935
MU,2018Q4,2,0.027009794488549232,0.957768976688385,0.015221290290355682
MU,2018Q4,3,0.951726496219635,0.020359762012958527,0.02791370078921318
MU,2018Q4,4,0.9514581561088562,0.017863048240542412,0.030678821727633476
MU,2018Q4,5,0.8828095197677612,0.013915873132646084,0.10327456891536713
MU,2018Q4,6,0.2763449251651764,0.573114812374115,0.15054020285606384
MU,2018Q4,7,0.8119826316833496,0.0191364549100399,0.168880894780159
MU,2018Q4,8,0.16973920166492462,0.6900589466094971,0.14020179212093353
MU,2018Q4,9,0.01823383755981922,0.9489603042602539,0.03280582278966904
MU,2018Q4,10,0.8484596014022827,0.020695950835943222,0.13084442913532257
MU,2018Q4,11,0.11416416615247726,0.012220083735883236,0.8736157417297363
MU,2018Q4,12,0.016408847644925117,0.9559729099273682,0.027618208900094032
MU,2019Q1,1,0.9568803310394287,0.01598954200744629,0.027130216360092163
MU,2019Q1,2,0.7346010208129883,0.08921423554420471,0.17618468403816223
MU,2019Q1,3,0.2230081558227539,0.0099169397726655,0.7670748829841614
MU,2019Q1,4,0.8168802857398987,0.06008443608880043,0.12303531914949417
MU,2019Q1,5,0.9224908947944641,0.052915625274181366,0.024593422189354897
MU,2019Q1,6,0.0076358262449502945,0.9728211760520935,0.01954297162592411
MU,2019Q1,7,0.014661787077784538,0.9677518010139465,0.017586443573236465
MU,2019Q1,8,0.022331789135932922,0.9453545212745667,0.03231372311711311
MU,2019Q1,9,0.3336659371852875,0.4533824324607849,0.21295157074928284
MU,2019Q1,10,0.5083926916122437,0.4224354922771454,0.06917184591293335
MU,2019Q1,11,0.7544090151786804,0.018790964037179947,0.22680005431175232
MU,2019Q1,12,0.7112677097320557,0.04509788751602173,0.2436344176530838
MU,2019Q1,13,0.544507622718811,0.3585507869720459,0.09694156050682068
MU,2019Q1,14,0.9313150644302368,0.011990947648882866,0.05669393390417099
MU,2019Q1,15,0.1315765529870987,0.03241991996765137,0.8360034823417664
MU,2019Q1,16,0.30164751410484314,0.013624514453113079,0.6847279667854309
MU,2019Q1,17,0.9291120767593384,0.02106296829879284,0.049824945628643036
MU,2019Q2,1,0.9558192491531372,0.01761655882000923,0.026564234867691994
MU,2019Q2,2,0.943220853805542,0.011000960133969784,0.045778222382068634
MU,2019Q2,3,0.9289653301239014,0.009174326434731483,0.06186031550168991
MU,2019Q2,4,0.9398706555366516,0.03507285565137863,0.025056440383195877
MU,2019Q2,5,0.77114337682724,0.15798382461071014,0.07087279111146927
MU,2019Q2,6,0.009160775691270828,0.9756250977516174,0.01521407812833786
MU,2019Q2,7,0.01048327051103115,0.9710786938667297,0.018438030034303665
MU,2019Q2,8,0.9574137926101685,0.02199588529765606,0.020590294152498245
MU,2019Q2,9,0.8199091553688049,0.0073373448103666306,0.17275355756282806
MU,2019Q2,10,0.14323168992996216,0.6398122906684875,0.21695609390735626
MU,2019Q2,11,0.9562904834747314,0.019206032156944275,0.024503488093614578
MU,2019Q2,12,0.6234631538391113,0.014258560724556446,0.3622782528400421
MU,2019Q2,13,0.2697174549102783,0.6459739208221436,0.08430855721235275
MU,2019Q2,14,0.3719491958618164,0.44835829734802246,0.17969243228435516
MU,2019Q2,15,0.18689857423305511,0.5083783864974976,0.3047230839729309
MU,2019Q2,16,0.613238513469696,0.027328621596097946,0.35943281650543213
MU,2019Q2,17,0.18677352368831635,0.018291568383574486,0.7949349284172058
MU,2019Q3,1,0.9575022459030151,0.015321750193834305,0.027176029980182648
MU,2019Q3,2,0.7864742279052734,0.03271894529461861,0.18080684542655945
MU,2019Q3,3,0.9367996454238892,0.016297249123454094,0.04690316691994667
MU,2019Q3,4,0.9524503350257874,0.01788320578634739,0.029666496440768242
MU,2019Q3,5,0.3061855733394623,0.5620325207710266,0.1317819207906723
MU,2019Q3,6,0.8307531476020813,0.007358556147664785,0.1618882119655609
MU,2019Q3,7,0.052485957741737366,0.9307602643966675,0.01675378531217575
MU,2019Q3,8,0.00817924551665783,0.969183623790741,0.022637179121375084
MU,2019Q3,9,0.04579412192106247,0.9417193531990051,0.012486567720770836
MU,2019Q3,10,0.9425349235534668,0.013977183029055595,0.0434877909719944
MU,2019Q3,11,0.1051485612988472,0.02153133787214756,0.8733201026916504
MU,2019Q3,12,0.10733336955308914,0.046168047934770584,0.8464986085891724
MU,2019Q3,13,0.2017851620912552,0.7578697800636292,0.040345024317502975
MU,2019Q3,14,0.47409895062446594,0.008217551745474339,0.5176835060119629
MU,2019Q3,15,0.191665381193161,0.6822307705879211,0.12610383331775665
MU,2019Q3,16,0.9155635833740234,0.053591564297676086,0.030844831839203835
MU,2019Q3,17,0.9256475567817688,0.013061742298305035,0.0612906850874424
MU,2019Q3,18,0.9157357215881348,0.010545792989432812,0.07371846586465836
MU,2019Q4,1,0.9557713270187378,0.024538565427064896,0.01969008706510067
MU,2019Q4,2,0.8207291960716248,0.006516650784760714,0.1727542132139206
MU,2019Q4,3,0.8994896411895752,0.008118984289467335,0.09239143133163452
MU,2019Q4,4,0.8868767619132996,0.009015649557113647,0.10410759598016739
MU,2019Q4,5,0.13933835923671722,0.03577252849936485,0.824889063835144
MU,2019Q4,6,0.05022915452718735,0.9259827136993408,0.023788142949342728
MU,2019Q4,7,0.01978568732738495,0.961525022983551,0.01868918351829052
MU,2019Q4,8,0.009764880873262882,0.9754531979560852,0.014781869947910309
MU,2019Q4,9,0.034657228738069534,0.040200356394052505,0.9251424670219421
MU,2019Q4,10,0.47021278738975525,0.4787866771221161,0.051000528037548065
MU,2019Q4,11,0.3924611210823059,0.019086917862296104,0.5884519219398499
MU,2019Q4,12,0.2733277976512909,0.5690934658050537,0.15757876634597778
MU,2019Q4,13,0.5783288478851318,0.2749466300010681,0.14672452211380005
MU,2019Q4,14,0.730560302734375,0.03144477680325508,0.2379949688911438
MU,2019Q4,15,0.31442978978157043,0.6379576325416565,0.04761255905032158
MU,2019Q4,16,0.3660139739513397,0.019992545247077942,0.6139935255050659
MU,2019Q4,17,0.24683767557144165,0.015484249219298363,0.737678050994873
MU,2019Q4,18,0.28392088413238525,0.020398279651999474,0.6956807971000671
MU,2020Q1,1,0.955333411693573,0.020328093320131302,0.024338485673069954
MU,2020Q1,2,0.016814885661005974,0.9361370205879211,0.04704807698726654
MU,2020Q1,3,0.907423734664917,0.019213654100894928,0.07336258888244629
MU,2020Q1,4,0.877971887588501,0.007595296949148178,0.11443286389112473
MU,2020Q1,5,0.8961579203605652,0.007418233435600996,0.0964239090681076
MU,2020Q1,6,0.024714741855859756,0.9489542245864868,0.02633116953074932
MU,2020Q1,7,0.39270421862602234,0.5154736042022705,0.09182218462228775
MU,2020Q1,8,0.02802089974284172,0.9554255604743958,0.01655350998044014
MU,2020Q1,9,0.9192396402359009,0.05173037573695183,0.029029952362179756
MU,2020Q1,10,0.8416424989700317,0.008039112202823162,0.150318443775177
MU,2020Q1,11,0.10361985117197037,0.0962444543838501,0.8001356720924377
MU,2020Q1,12,0.026244793087244034,0.7109216451644897,0.26283353567123413
MU,2020Q1,13,0.22324687242507935,0.6980206966400146,0.07873237878084183
MU,2020Q1,14,0.11723151803016663,0.28963765501976013,0.5931308269500732
MU,2020Q1,15,0.4322219491004944,0.03753351420164108,0.5302445888519287
MU,2020Q1,16,0.8990229964256287,0.00800273846834898,0.09297427535057068
MU,2020Q1,17,0.8710964918136597,0.006312479730695486,0.12259100377559662
MU,2020Q1,18,0.38566625118255615,0.0189435426145792,0.5953901410102844
MU,2020Q1,19,0.9025112986564636,0.016565069556236267,0.0809236392378807
MU,2020Q2,1,0.937730610370636,0.010206273756921291,0.05206310376524925
MU,2020Q2,2,0.8381509780883789,0.010785866528749466,0.15106318891048431
MU,2020Q2,3,0.9324733018875122,0.009286868385970592,0.05823986977338791
MU,2020Q2,4,0.9256097674369812,0.008250085636973381,0.06614012271165848
MU,2020Q2,5,0.011814402416348457,0.971464991569519,0.016720693558454514
MU,2020Q2,6,0.06482208520174026,0.9186900854110718,0.01648782752454281
MU,2020Q2,7,0.28384554386138916,0.6884568929672241,0.02769758552312851
MU,2020Q2,8,0.07124213874340057,0.04415229335427284,0.8846055269241333
MU,2020Q2,9,0.19734036922454834,0.03608420118689537,0.7665755152702332
MU,2020Q2,10,0.8142135143280029,0.09545278549194336,0.0903337150812149
MU,2020Q2,11,0.03491578251123428,0.9264202117919922,0.03866394981741905
MU,2020Q2,12,0.1428268849849701,0.15706171095371246,0.700111448764801
MU,2020Q2,13,0.1022903248667717,0.6553457379341125,0.24236387014389038
MU,2020Q2,14,0.029514968395233154,0.8735010623931885,0.09698399901390076
MU,2020Q2,15,0.20325785875320435,0.008461857214570045,0.7882803082466125
MU,2020Q2,16,0.0645691528916359,0.03134606033563614,0.9040848016738892
MU,2020Q2,17,0.8693080544471741,0.007184472866356373,0.1235075369477272
MU,2020Q2,18,0.23518793284893036,0.3924996554851532,0.3723123371601105
NVDA,2016Q1,1,0.9550120234489441,0.01512273121625185,0.029865151271224022
NVDA,2016Q1,2,0.9439430832862854,0.011826676316559315,0.044230181723833084
NVDA,2016Q1,3,0.5383212566375732,0.011613475158810616,0.4500652849674225
NVDA,2016Q1,4,0.9053958058357239,0.034691985696554184,0.05991213023662567
NVDA,2016Q1,5,0.20312035083770752,0.012440286576747894,0.7844393849372864
NVDA,2016Q1,6,0.20770923793315887,0.013450883328914642,0.7788398265838623
NVDA,2016Q1,7,0.042929258197546005,0.02684197761118412,0.9302288293838501
NVDA,2016Q1,8,0.05076826736330986,0.07708632946014404,0.8721453547477722
NVDA,2016Q1,9,0.694813072681427,0.05215020477771759,0.2530367374420166
NVDA,2016Q1,10,0.265778511762619,0.01089260634034872,0.7233288884162903
NVDA,2016Q1,11,0.024312518537044525,0.8130379319190979,0.16264960169792175
NVDA,2016Q1,12,0.10510824620723724,0.014356114901602268,0.8805356621742249
NVDA,2016Q1,13,0.10119975358247757,0.016164101660251617,0.8826361298561096
NVDA,2016Q1,14,0.6467422842979431,0.011859898455440998,0.34139785170555115
NVDA,2016Q1,15,0.04479750990867615,0.02280666120350361,0.932395875453949
NVDA,2016Q1,16,0.7256101965904236,0.027860477566719055,0.24652938544750214
NVDA,2016Q1,17,0.15525883436203003,0.013284529559314251,0.8314566612243652
NVDA,2016Q1,18,0.155324324965477,0.013373159803450108,0.8313025236129761
NVDA,2016Q1,19,0.3412793278694153,0.010602480731904507,0.6481181979179382
NVDA,2016Q1,20,0.17527464032173157,0.01657683402299881,0.8081485033035278
NVDA,2016Q1,21,0.03250620514154434,0.0760023221373558,0.8914914131164551
NVDA,2016Q1,22,0.6323855519294739,0.00944718811661005,0.35816723108291626
NVDA,2016Q2,1,0.9408978819847107,0.009931703098118305,0.04917045682668686
NVDA,2016Q2,2,0.8844345808029175,0.008339946158230305,0.1072254553437233
NVDA,2016Q2,3,0.37164920568466187,0.008858565241098404,0.6194921731948853
NVDA,2016Q2,4,0.9563254714012146,0.015631644055247307,0.028042856603860855
NVDA,2016Q2,5,0.07042697817087173,0.01603151671588421,0.9135415554046631
NVDA,2016Q2,6,0.0481426827609539,0.020463978871703148,0.9313933253288269
NVDA,2016Q2,7,0.3841727375984192,0.012843431904911995,0.6029838919639587
NVDA,2016Q2,8,0.4629620611667633,0.01148168370127678,0.5255562663078308
NVDA,2016Q2,9,0.15779104828834534,0.010699733160436153,0.8315091729164124
NVDA,2016Q2,10,0.10661865025758743,0.01901865191757679,0.8743627071380615
NVDA,2016Q2,11,0.13713516294956207,0.011280879378318787,0.8515839576721191
NVDA,2016Q2,12,0.08180195093154907,0.01778513565659523,0.900412917137146
NVDA,2016Q2,13,0.03247210383415222,0.0611988864839077,0.9063290357589722
NVDA,2016Q2,14,0.501653790473938,0.010899859480559826,0.48744630813598633
NVDA,2016Q2,15,0.1287071406841278,0.012278921902179718,0.8590139746665955
NVDA,2016Q2,16,0.10809551924467087,0.014857074245810509,0.8770474195480347
NVDA,2016Q2,17,0.039246298372745514,0.04237920045852661,0.9183744788169861
NVDA,2016Q2,18,0.11203042417764664,0.01376977190375328,0.8741998076438904
NVDA,2016Q3,1,0.9467337131500244,0.012473499402403831,0.04079284146428108
NVDA,2016Q3,2,0.6716916561126709,0.01141331996768713,0.3168950378894806
NVDA,2016Q3,3,0.13058440387248993,0.009119776077568531,0.860295832157135
NVDA,2016Q3,4,0.024840332567691803,0.03736536577343941,0.9377943277359009
NVDA,2016Q3,5,0.8342893719673157,0.00984536949545145,0.15586528182029724
NVDA,2016Q3,6,0.33391836285591125,0.009992075152695179,0.6560896039009094
NVDA,2016Q3,7,0.2595321238040924,0.01096842996776104,0.7294994592666626
NVDA,2016Q3,8,0.22129829227924347,0.012379820458590984,0.7663218379020691
NVDA,2016Q3,9,0.06953904777765274,0.015646222978830338,0.9148147702217102
NVDA,2016Q3,10,0.263457715511322,0.010913349688053131,0.7256289720535278
NVDA,2016Q3,11,0.10891492664813995,0.02436874806880951,0.8667162656784058
NVDA,2016Q3,12,0.07963705062866211,0.013946454972028732,0.9064164757728577
NVDA,2016Q3,13,0.04278614744544029,0.02810477465391159,0.9291090369224548
NVDA,2016Q3,14,0.18421360850334167,0.011170925572514534,0.8046154975891113
NVDA,2016Q3,15,0.03820948675274849,0.06562121212482452,0.8961693048477173
NVDA,2016Q3,16,0.03308048099279404,0.10669189691543579,0.860227644443512
NVDA,2016Q3,17,0.10970962047576904,0.015645019710063934,0.8746453523635864
NVDA,2016Q3,18,0.07800618559122086,0.021519912406802177,0.900473952293396
NVDA,2016Q3,19,0.054869528859853745,0.0295490100979805,0.915581464767456
NVDA,2016Q3,20,0.0362221822142601,0.0403410978615284,0.92343670129776
NVDA,2016Q3,21,0.1845245063304901,0.010015699081122875,0.80545973777771
NVDA,2016Q3,22,0.3843115270137787,0.011435635387897491,0.6042528748512268
NVDA,2016Q3,23,0.18101270496845245,0.008763886988162994,0.810223400592804
NVDA,2016Q4,1,0.9541428089141846,0.013609661720693111,0.03224754333496094
NVDA,2016Q4,2,0.9398624897003174,0.01013095397502184,0.05000666156411171
NVDA,2016Q4,3,0.8621219992637634,0.008137480355799198,0.12974059581756592
NVDA,2016Q4,4,0.9546619653701782,0.017087643966078758,0.028250422328710556
NVDA,2016Q4,5,0.07647315412759781,0.019235344603657722,0.9042915105819702
NVDA,2016Q4,6,0.07443984597921371,0.01523449644446373,0.9103256464004517
NVDA,2016Q4,7,0.20759667456150055,0.013700522482395172,0.7787027955055237
NVDA,2016Q4,8,0.037091631442308426,0.02729475125670433,0.9356136322021484
NVDA,2016Q4,9,0.0682462528347969,0.03666010871529579,0.8950936198234558
NVDA,2016Q4,10,0.03763445094227791,0.03629271313548088,0.9260727763175964
NVDA,2016Q4,11,0.043794162571430206,0.024146301671862602,0.9320595860481262
NVDA,2016Q4,12,0.09689243882894516,0.012636380270123482,0.8904711604118347
NVDA,2016Q4,13,0.04825149476528168,0.07053346931934357,0.88121497631073
NVDA,2016Q4,14,0.24951529502868652,0.00973327923566103,0.7407514452934265
NVDA,2016Q4,15,0.08074667304754257,0.017497077584266663,0.901756227016449
NVDA,2016Q4,16,0.44868120551109314,0.009826078079640865,0.5414927005767822
NVDA,2016Q4,17,0.11828897893428802,0.011746923439204693,0.8699641227722168
NVDA,2016Q4,18,0.18464305996894836,0.012761025689542294,0.8025959134101868
NVDA,2017Q1,1,0.9552232027053833,0.01707952655851841,0.027697227895259857
NVDA,2017Q1,2,0.5739991068840027,0.013051729649305344,0.41294920444488525
NVDA,2017Q1,3,0.3719872832298279,0.007622029632329941,0.6203907132148743
NVDA,2017Q1,4,0.27973508834838867,0.44438549876213074,0.2758793532848358
NVDA,2017Q1,5,0.045729056000709534,0.018609775230288506,0.9356611371040344
NVDA,2017Q1,6,0.07886791974306107,0.019003557041287422,0.9021285176277161
NVDA,2017Q1,7,0.044417571276426315,0.01866123639047146,0.936921238899231
NVDA,2017Q1,8,0.5165740251541138,0.011997668072581291,0.4714283347129822
NVDA,2017Q1,9,0.8519699573516846,0.011612758971750736,0.13641726970672607
NVDA,2017Q1,10,0.17034395039081573,0.013106727041304111,0.8165493011474609
NVDA,2017Q1,11,0.03509006276726723,0.04785185679793358,0.9170580506324768
NVDA,2017Q1,12,0.034346163272857666,0.026732955127954483,0.9389208555221558
NVDA,2017Q1,13,0.06208757311105728,0.030749186873435974,0.9071632027626038
NVDA,2017Q1,14,0.09077569097280502,0.012769648805260658,0.8964546918869019
NVDA,2017Q1,15,0.08848859369754791,0.01978537254035473,0.8917260766029358
NVDA,2017Q1,16,0.1591365784406662,0.01664426177740097,0.8242192268371582
NVDA,2017Q1,17,0.14438366889953613,0.011477305553853512,0.844139039516449
NVDA,2017Q2,1,0.7079004645347595,0.26649367809295654,0.02560584805905819
NVDA,2017Q2,2,0.945929229259491,0.012885840609669685,0.0411849170923233
NVDA,2017Q2,3,0.8722612261772156,0.00910337083041668,0.1186353862285614
NVDA,2017Q2,4,0.5716738104820251,0.015072922222316265,0.4132532477378845
NVDA,2017Q2,5,0.10262011736631393,0.016853157430887222,0.8805267214775085
NVDA,2017Q2,6,0.4778549075126648,0.012766465544700623,0.5093786716461182
NVDA,2017Q2,7,0.049046218395233154,0.051604561507701874,0.8993492126464844
NVDA,2017Q2,8,0.03873449191451073,0.044445428997278214,0.9168200492858887
NVDA,2017Q2,9,0.060123197734355927,0.019751766696572304,0.9201250672340393
NVDA,2017Q2,10,0.11511001735925674,0.02984507940709591,0.8550449013710022
NVDA,2017Q2,11,0.348813533782959,0.01357769314199686,0.6376087665557861
NVDA,2017Q2,12,0.10152308642864227,0.01445991825312376,0.8840169906616211
NVDA,2017Q2,13,0.03945472836494446,0.2168724536895752,0.743672788143158
NVDA,2017Q2,14,0.11325594037771225,0.015728766098618507,0.8710153102874756
NVDA,2017Q2,15,0.02788235805928707,0.04382021352648735,0.9282974004745483
NVDA,2017Q2,16,0.08008092641830444,0.023401392623782158,0.8965176343917847
NVDA,2017Q2,17,0.878339409828186,0.008947466500103474,0.11271307617425919
NVDA,2017Q3,1,0.9548249840736389,0.0171771552413702,0.027997849509119987
NVDA,2017Q3,2,0.9467859864234924,0.014174239709973335,0.03903976455330849
NVDA,2017Q3,3,0.7350821495056152,0.008805247023701668,0.25611260533332825
NVDA,2017Q3,4,0.9517982006072998,0.01622084714472294,0.03198091685771942
NVDA,2017Q3,5,0.45190155506134033,0.0752139687538147,0.47288450598716736
NVDA,2017Q3,6,0.06878848373889923,0.018633218482136726,0.9125783443450928
NVDA,2017Q3,7,0.24146237969398499,0.011035165749490261,0.7475024461746216
NVDA,2017Q3,8,0.6828931570053101,0.033428091555833817,0.28367879986763
NVDA,2017Q3,9,0.44306841492652893,0.011084122583270073,0.5458474159240723
NVDA,2017Q3,10,0.27822765707969666,0.009974583983421326,0.7117977738380432
NVDA,2017Q3,11,0.8272837996482849,0.007788669317960739,0.16492752730846405
NVDA,2017Q3,12,0.44705551862716675,0.012838373892009258,0.5401061177253723
NVDA,2017Q3,13,0.09963822364807129,0.022076405584812164,0.8782853484153748
NVDA,2017Q3,14,0.08787043392658234,0.014919603243470192,0.8972099423408508
NVDA,2017Q3,15,0.02298377826809883,0.4650988280773163,0.5119174122810364
NVDA,2017Q3,16,0.05439037084579468,0.01856035180389881,0.9270492196083069
NVDA,2017Q3,17,0.04209129139780998,0.020808719098567963,0.9370999932289124
NVDA,2017Q3,18,0.1473175585269928,0.013639284297823906,0.8390432000160217
NVDA,2017Q4,1,0.9539691209793091,0.015603139065206051,0.03042779676616192
NVDA,2017Q4,2,0.956784725189209,0.014930939301848412,0.02828434854745865
NVDA,2017Q4,3,0.9306252002716064,0.010221356526017189,0.05915340036153793
NVDA,2017Q4,4,0.22573994100093842,0.00850807037204504,0.7657520174980164
NVDA,2017Q4,5,0.02973664179444313,0.019336113706231117,0.950927197933197
NVDA,2017Q4,6,0.09677155315876007,0.03669445589184761,0.8665339946746826
NVDA,2017Q4,7,0.08248836547136307,0.04551762342453003,0.8719940185546875
NVDA,2017Q4,8,0.0882444977760315,0.02174164541065693,0.8900139331817627
NVDA,2017Q4,9,0.09316243976354599,0.028327982872724533,0.8785095810890198
NVDA,2017Q4,10,0.12334506213665009,0.015398144721984863,0.8612567186355591
NVDA,2017Q4,11,0.7040241360664368,0.009734353981912136,0.2862415313720703
NVDA,2017Q4,12,0.13517725467681885,0.013282657600939274,0.8515400886535645
NVDA,2017Q4,13,0.04558143392205238,0.03544022887945175,0.9189783334732056
NVDA,2017Q4,14,0.04927219823002815,0.11169096827507019,0.8390368223190308
NVDA,2017Q4,15,0.0640270859003067,0.017846722155809402,0.9181262254714966
NVDA,2017Q4,16,0.21446910500526428,0.014405722729861736,0.7711251378059387
NVDA,2017Q4,17,0.6722325682640076,0.015445975586771965,0.3123214840888977
NVDA,2017Q4,18,0.6359385251998901,0.010179713368415833,0.35388168692588806
NVDA,2018Q1,1,0.9552577137947083,0.018704542890191078,0.02603781409561634
NVDA,2018Q1,2,0.42920365929603577,0.3492477238178253,0.2215486466884613
NVDA,2018Q1,3,0.8177465200424194,0.00874744076281786,0.17350608110427856
NVDA,2018Q1,4,0.39241620898246765,0.008816790767014027,0.5987669825553894
NVDA,2018Q1,5,0.9510797262191772,0.020857887342572212,0.028062377125024796
NVDA,2018Q1,6,0.14038051664829254,0.0144283352419734,0.8451911211013794
NVDA,2018Q1,7,0.39130690693855286,0.015217321924865246,0.5934757590293884
NVDA,2018Q1,8,0.2965410053730011,0.009674778208136559,0.693784236907959
NVDA,2018Q1,9,0.03648853674530983,0.04129961505532265,0.9222118854522705
NVDA,2018Q1,10,0.07856053858995438,0.01606607995927334,0.9053734540939331
NVDA,2018Q1,11,0.0300977174192667,0.12178467214107513,0.8481176495552063
NVDA,2018Q1,12,0.14802083373069763,0.014500592835247517,0.8374786376953125
NVDA,2018Q1,13,0.2458658069372177,0.00878296047449112,0.7453511953353882
NVDA,2018Q1,14,0.8291695713996887,0.016372065991163254,0.1544584184885025
NVDA,2018Q1,15,0.07891231775283813,0.018480926752090454,0.9026067852973938
NVDA,2018Q1,16,0.1035299152135849,0.023811347782611847,0.8726586699485779
NVDA,2018Q1,17,0.07184731960296631,0.01469486765563488,0.9134578108787537
NVDA,2018Q1,18,0.2851752042770386,0.011353951878845692,0.7034708857536316
NVDA,2018Q2,1,0.9582120776176453,0.017292754724621773,0.024495208635926247
NVDA,2018Q2,2,0.9263982772827148,0.00978357344865799,0.06381814181804657
NVDA,2018Q2,3,0.8239776492118835,0.008093191310763359,0.16792918741703033
NVDA,2018Q2,4,0.9126026630401611,0.008594523184001446,0.07880276441574097
NVDA,2018Q2,5,0.7986009120941162,0.02086774632334709,0.180531308054924
NVDA,2018Q2,6,0.23596055805683136,0.5474129915237427,0.2166263908147812
NVDA,2018Q2,7,0.05170102417469025,0.024462172761559486,0.9238367676734924
NVDA,2018Q2,8,0.0938107818365097,0.011331003159284592,0.894858181476593
NVDA,2018Q2,9,0.28603869676589966,0.042741596698760986,0.6712197065353394
NVDA,2018Q2,10,0.12136836349964142,0.052299320697784424,0.8263322710990906
NVDA,2018Q2,11,0.3056817352771759,0.021660299971699715,0.6726579666137695
NVDA,2018Q2,12,0.05201122537255287,0.01772478222846985,0.9302639961242676
NVDA,2018Q2,13,0.2576397955417633,0.011060611344873905,0.731299638748169
NVDA,2018Q2,14,0.18959113955497742,0.01265482697635889,0.7977540493011475
NVDA,2018Q2,15,0.052291061729192734,0.02020980417728424,0.9274991154670715
NVDA,2018Q2,16,0.2776664197444916,0.06853722780942917,0.6537963151931763
NVDA,2018Q2,17,0.13129207491874695,0.012151182629168034,0.85655677318573
NVDA,2018Q2,18,0.9267531633377075,0.011263450607657433,0.06198350340127945
NVDA,2018Q3,1,0.9451701045036316,0.01293680164963007,0.041893087327480316
NVDA,2018Q3,2,0.5278312563896179,0.011973156593739986,0.46019551157951355
NVDA,2018Q3,3,0.4241809844970703,0.008519860915839672,0.5672991871833801
NVDA,2018Q3,4,0.17936934530735016,0.011333128437399864,0.8092975616455078
NVDA,2018Q3,5,0.6830874681472778,0.007738648448139429,0.3091738522052765
NVDA,2018Q3,6,0.8925408124923706,0.014197803102433681,0.09326136857271194
NVDA,2018Q3,7,0.08751196414232254,0.014894415624439716,0.8975935578346252
NVDA,2018Q3,8,0.1971476823091507,0.010081863030791283,0.7927704453468323
NVDA,2018Q3,9,0.2548972964286804,0.0127906184643507,0.7323120832443237
NVDA,2018Q3,10,0.7563727498054504,0.01004160474985838,0.2335856556892395
NVDA,2018Q3,11,0.06919728964567184,0.01685999520123005,0.9139427542686462
NVDA,2018Q3,12,0.05183141678571701,0.01672796532511711,0.9314405918121338
NVDA,2018Q3,13,0.1913074553012848,0.020379476249217987,0.788313090801239
NVDA,2018Q3,14,0.12082969397306442,0.011044926010072231,0.8681253790855408
NVDA,2018Q3,15,0.722296416759491,0.011837273836135864,0.26586630940437317
NVDA,2018Q3,16,0.42913976311683655,0.010458123870193958,0.5604021549224854
NVDA,2018Q3,17,0.21384932100772858,0.024852728471159935,0.7612979412078857
NVDA,2018Q4,1,0.9518887400627136,0.02497517317533493,0.023136146366596222
NVDA,2018Q4,2,0.6096625328063965,0.012544388882815838,0.37779298424720764
NVDA,2018Q4,3,0.19055673480033875,0.01192117016762495,0.7975220680236816
NVDA,2018Q4,4,0.893849790096283,0.008701923303306103,0.09744828939437866
NVDA,2018Q4,5,0.9547054171562195,0.021117087453603745,0.02417755126953125
NVDA,2018Q4,6,0.044057875871658325,0.014223199337720871,0.9417189359664917
NVDA,2018Q4,7,0.16713590919971466,0.012432003393769264,0.8204320669174194
NVDA,2018Q4,8,0.05572192743420601,0.09671188145875931,0.8475661277770996
NVDA,2018Q4,9,0.21172286570072174,0.02933364361524582,0.7589434385299683
NVDA,2018Q4,10,0.18970580399036407,0.014491917565464973,0.7958022356033325
NVDA,2018Q4,11,0.1314801573753357,0.015111417509615421,0.8534084558486938
NVDA,2018Q4,12,0.29061561822891235,0.009652764536440372,0.6997316479682922
NVDA,2018Q4,13,0.04566117003560066,0.03215437009930611,0.9221845269203186
NVDA,2018Q4,14,0.11235597729682922,0.01531222090125084,0.8723317980766296
NVDA,2018Q4,15,0.7199116945266724,0.01754058711230755,0.26254773139953613
NVDA,2018Q4,16,0.10633061826229095,0.011425036005675793,0.882244348526001
NVDA,2019Q1,1,0.007758376654237509,0.9762905836105347,0.015951015055179596
NVDA,2019Q1,2,0.4557788074016571,0.2734586298465729,0.27076253294944763
NVDA,2019Q1,3,0.022625651210546494,0.9631237983703613,0.014250542037189007
NVDA,2019Q1,4,0.9190667271614075,0.05804239585995674,0.022890865802764893
NVDA,2019Q1,5,0.255001038312912,0.7187562584877014,0.026242690160870552
NVDA,2019Q1,6,0.06513120234012604,0.026636769995093346,0.9082320332527161
NVDA,2019Q1,7,0.35447782278060913,0.5771493315696716,0.06837283074855804
NVDA,2019Q1,8,0.7254104018211365,0.01690067909657955,0.2576889395713806
NVDA,2019Q1,9,0.1220531240105629,0.019335491582751274,0.8586114645004272
NVDA,2019Q1,10,0.14175361394882202,0.014204205945134163,0.844042181968689
NVDA,2019Q1,11,0.21733181178569794,0.010087760165333748,0.7725804448127747
NVDA,2019Q1,12,0.6915420889854431,0.015105849131941795,0.2933520972728729
NVDA,2019Q1,13,0.6262359023094177,0.01538454182446003,0.358379602432251
NVDA,2019Q1,14,0.1574103981256485,0.6723817586898804,0.17020779848098755
NVDA,2019Q1,15,0.050462011247873306,0.03633477911353111,0.913203239440918
NVDA,2019Q1,16,0.1879931092262268,0.01246146485209465,0.799545407295227
NVDA,2019Q1,17,0.8777203559875488,0.019597338512539864,0.10268227756023407
NVDA,2019Q2,1,0.21374844014644623,0.7480872273445129,0.03816428780555725
NVDA,2019Q2,2,0.015698300674557686,0.9613706469535828,0.02293103188276291
NVDA,2019Q2,3,0.30565088987350464,0.008263472467660904,0.68608558177948
NVDA,2019Q2,4,0.29982230067253113,0.00788162462413311,0.6922960877418518
NVDA,2019Q2,5,0.6218382716178894,0.0630536898970604,0.3151080906391144
NVDA,2019Q2,6,0.06016054004430771,0.02478008158504963,0.9150593280792236
NVDA,2019Q2,7,0.16368131339550018,0.012087784707546234,0.8242308497428894
NVDA,2019Q2,8,0.1025882288813591,0.014531952328979969,0.8828797936439514
NVDA,2019Q2,9,0.12791770696640015,0.017249859869480133,0.8548324108123779
NVDA,2019Q2,10,0.16410525143146515,0.017063116654753685,0.8188316822052002
NVDA,2019Q2,11,0.21278415620326996,0.01114034466445446,0.776075541973114
NVDA,2019Q2,12,0.06426332145929337,0.03716280311346054,0.8985739350318909
NVDA,2019Q2,13,0.029063409194350243,0.14790591597557068,0.8230307102203369
NVDA,2019Q2,14,0.11954792588949203,0.017963333055377007,0.8624887466430664
NVDA,2019Q2,15,0.15318350493907928,0.011929973028600216,0.8348865509033203
NVDA,2019Q2,16,0.1046207919716835,0.06801707297563553,0.8273621201515198
NVDA,2019Q2,17,0.051110200583934784,0.8965466618537903,0.05234306678175926
NVDA,2019Q3,1,0.02997693046927452,0.9518682360649109,0.018154893070459366
NVDA,2019Q3,2,0.9155328273773193,0.034851957112550735,0.04961517080664635
NVDA,2019Q3,3,0.5881367325782776,0.01028575748205185,0.40157750248908997
NVDA,2019Q3,4,0.945206344127655,0.012094354256987572,0.04269932210445404
NVDA,2019Q3,5,0.048280466347932816,0.02191770076751709,0.9298018217086792
NVDA,2019Q3,6,0.32844844460487366,0.012436922639608383,0.6591145992279053
NVDA,2019Q3,7,0.043119754642248154,0.026910442858934402,0.9299697279930115
NVDA,2019Q3,8,0.4666813910007477,0.011174382641911507,0.5221442580223083
NVDA,2019Q3,9,0.05172842741012573,0.022283360362052917,0.9259882569313049
NVDA,2019Q3,10,0.11547885835170746,0.012793467380106449,0.8717276453971863
NVDA,2019Q3,11,0.043140605092048645,0.06518537551164627,0.8916740417480469
NVDA,2019Q3,12,0.04034503921866417,0.021296817809343338,0.9383581280708313
NVDA,2019Q3,13,0.9170454144477844,0.0161005649715662,0.06685397028923035
NVDA,2019Q3,14,0.06844902038574219,0.021996475756168365,0.9095544815063477
NVDA,2019Q3,15,0.7829358577728271,0.008171552792191505,0.20889265835285187
NVDA,2019Q3,16,0.05915305018424988,0.01688299886882305,0.9239639639854431
NVDA,2019Q3,17,0.4677000045776367,0.011586218141019344,0.5207138061523438
NVDA,2019Q4,1,0.013139450922608376,0.968375027179718,0.018485531210899353
NVDA,2019Q4,2,0.7607679963111877,0.20886890590190887,0.030363142490386963
NVDA,2019Q4,3,0.6233187317848206,0.009971896186470985,0.36670932173728943
NVDA,2019Q4,4,0.2579035460948944,0.44301843643188477,0.2990780174732208
NVDA,2019Q4,5,0.025448353961110115,0.030221477150917053,0.9443302154541016
NVDA,2019Q4,6,0.06244390085339546,0.01867610402405262,0.9188799858093262
NVDA,2019Q4,7,0.2871789336204529,0.011451153084635735,0.7013698816299438
NVDA,2019Q4,8,0.2457304298877716,0.013014727272093296,0.7412548661231995
NVDA,2019Q4,9,0.15367859601974487,0.014588487334549427,0.8317329287528992
NVDA,2019Q4,10,0.1143869087100029,0.0212249718606472,0.864388108253479
NVDA,2019Q4,11,0.17107124626636505,0.010630043223500252,0.8182986974716187
NVDA,2019Q4,12,0.04215707257390022,0.03086218796670437,0.9269806742668152
NVDA,2019Q4,13,0.049433521926403046,0.0189224686473608,0.9316439628601074
NVDA,2019Q4,14,0.953288197517395,0.017511526122689247,0.029200298711657524
NVDA,2019Q4,15,0.5755934715270996,0.00915015209466219,0.4152563810348511
NVDA,2019Q4,16,0.18740971386432648,0.010637540370225906,0.8019527792930603
NVDA,2020Q1,1,0.07469425350427628,0.908181369304657,0.01712440699338913
NVDA,2020Q1,2,0.4315545856952667,0.00813163723796606,0.5603138208389282
NVDA,2020Q1,3,0.950190007686615,0.013016652315855026,0.036793339997529984
NVDA,2020Q1,4,0.6914516091346741,0.009199650026857853,0.29934871196746826
NVDA,2020Q1,5,0.9570842385292053,0.019050465896725655,0.02386529929935932
NVDA,2020Q1,6,0.027427278459072113,0.03435452654957771,0.9382181763648987
NVDA,2020Q1,7,0.03898795694112778,0.0405237041413784,0.9204882979393005
NVDA,2020Q1,8,0.4585884213447571,0.017720473930239677,0.5236911177635193
NVDA,2020Q1,9,0.7159466743469238,0.0167451910674572,0.2673081159591675
NVDA,2020Q1,10,0.10841944813728333,0.017337331548333168,0.8742431402206421
NVDA,2020Q1,11,0.6015012860298157,0.010253991931676865,0.38824471831321716
NVDA,2020Q1,12,0.2237650603055954,0.11619749665260315,0.6600373983383179
NVDA,2020Q1,13,0.018826117739081383,0.8702228665351868,0.11095105111598969
NVDA,2020Q1,14,0.16444112360477448,0.013367130421102047,0.8221917748451233
NVDA,2020Q1,15,0.15598759055137634,0.011852549389004707,0.8321598172187805
NVDA,2020Q1,16,0.07031842321157455,0.021107470616698265,0.9085741639137268
NVDA,2020Q1,17,0.9369319081306458,0.015273419208824635,0.04779468849301338
NVDA,2020Q2,1,0.3287486732006073,0.014895059168338776,0.6563562154769897
NVDA,2020Q2,2,0.032265134155750275,0.033977359533309937,0.9337575435638428
NVDA,2020Q2,3,0.9315180778503418,0.01246968936175108,0.05601228401064873
NVDA,2020Q2,4,0.35499832034111023,0.007821861654520035,0.6371798515319824
NVDA,2020Q2,5,0.9506879448890686,0.013630643486976624,0.03568147495388985
NVDA,2020Q2,6,0.659674882888794,0.008318736217916012,0.3320063650608063
NVDA,2020Q2,7,0.2073809951543808,0.01163807325065136,0.7809808850288391
NVDA,2020Q2,8,0.03460291400551796,0.8474372029304504,0.11795993894338608
NVDA,2020Q2,9,0.9444380402565002,0.017736749723553658,0.03782517462968826
NVDA,2020Q2,10,0.15906129777431488,0.019402075558900833,0.821536660194397
NVDA,2020Q2,11,0.18962016701698303,0.01241086982190609,0.7979689836502075
NVDA,2020Q2,12,0.9309338927268982,0.012761841528117657,0.05630435794591904
NVDA,2020Q2,13,0.05356261879205704,0.021958189085125923,0.9244792461395264
NVDA,2020Q2,14,0.12261130660772324,0.03420951962471008,0.8431791663169861
NVDA,2020Q2,15,0.07933392375707626,0.019913382828235626,0.9007526636123657
NVDA,2020Q2,16,0.17035895586013794,0.025828272104263306,0.8038128018379211
NVDA,2020Q2,17,0.13245289027690887,0.03230087459087372,0.835246205329895
NVDA,2020Q2,18,0.07613739371299744,0.0169703159481287,0.9068922996520996
NVDA,2020Q2,19,0.18018168210983276,0.013819263316690922,0.8059991002082825
NVDA,2020Q2,20,0.7013434767723083,0.012147963978350163,0.28650858998298645
NVDA,2020Q2,21,0.05345788970589638,0.04940460994839668,0.8971375226974487
NVDA,2020Q2,22,0.1416904479265213,0.011817306280136108,0.8464922904968262
NVDA,2020Q2,23,0.09877969324588776,0.015144157223403454,0.8860761523246765
NVDA,2020Q2,24,0.1865963339805603,0.03633694723248482,0.7770667672157288
NVDA,2020Q2,25,0.17006146907806396,0.011778819374740124,0.8181596994400024
NVDA,2020Q2,26,0.19489434361457825,0.01569453999400139,0.7894111275672913
NVDA,2020Q2,27,0.06434863805770874,0.01720549538731575,0.918445885181427
NVDA,2020Q2,28,0.34360751509666443,0.01020087581127882,0.6461915969848633
NVDA,2020Q3,1,0.9517359137535095,0.015388800762593746,0.032875314354896545
NVDA,2020Q3,2,0.6345733404159546,0.009464569389820099,0.3559620678424835
NVDA,2020Q3,3,0.01678639091551304,0.9725368618965149,0.010676700621843338
NVDA,2020Q3,4,0.7811413407325745,0.010305741801857948,0.2085530161857605
NVDA,2020Q3,5,0.33576756715774536,0.008823131211102009,0.6554093360900879
NVDA,2020Q3,6,0.023510344326496124,0.9646149277687073,0.011874621734023094
NVDA,2020Q3,7,0.10519623011350632,0.04988090693950653,0.8449228405952454
NVDA,2020Q3,8,0.059488601982593536,0.023250268772244453,0.9172611236572266
NVDA,2020Q3,9,0.05393439903855324,0.029272865504026413,0.9167927503585815
NVDA,2020Q3,10,0.13452838361263275,0.012926742434501648,0.852544903755188
NVDA,2020Q3,11,0.27775707840919495,0.009103554300963879,0.7131394147872925
NVDA,2020Q3,12,0.12757591903209686,0.014475921168923378,0.8579481840133667
NVDA,2020Q3,13,0.3767481744289398,0.014567657373845577,0.6086841821670532
NVDA,2020Q3,14,0.21371984481811523,0.0139960628002882,0.7722840309143066
NVDA,2020Q3,15,0.020345546305179596,0.9529772400856018,0.026677224785089493
NVDA,2020Q3,16,0.20764006674289703,0.01384678017348051,0.7785131335258484
NVDA,2020Q3,17,0.08066942542791367,0.019548453390598297,0.8997821807861328
